id,title,skills,skills_count
119799945,Оператор ввода данных,"['Деловая переписка', 'Работа с большим объемом информации', 'Точность и внимательность к деталям', 'Битрикс24']",4
120278596,Медицинская сестра/Медицинский брат,"['Медицинская документация', 'Внутривенные инъекции', 'Забор крови', 'Внутримышечные инъекции', 'Инъекции', 'Капельницы', 'Обучение и развитие']",7
119592882,Начинающий инженер-метролог / инженер-лаборант,"['Контроль качества', 'Лабораторная диагностика', 'Деловая переписка', 'Работа с оргтехникой', 'Техническая документация', 'Умение работать в коллективе', 'Делопроизводство', 'Лабораторная работа', 'Электронная почта', 'Метрология', 'Поверка', 'Испытания СИ', 'Взаимодействие с Госстандарт', 'Навыки составления отчетности', 'Ведение архива', 'Электронный документооборот', 'калибровка', 'Химические методы анализа']",18
120321373,Лаборант,"['Контроль качества', 'Контроль качества готовой продукции', 'Внутренний контроль', 'Уход за лабораторной аппаратурой', 'Лабораторная работа']",5
119100275,Регистратор лаборатории,"['Деловая переписка', 'Работа с большим объемом информации', 'Точность и внимательность к деталям', 'Битрикс24']",4
120342842,Лаборант,"['Обучение и развитие', 'Лабораторная работа', 'Навыки работы с первичной документацией', 'оформление документации']",4
119040006,Лаборант в художественную мастерскую,"['Коммуникабельность', 'Инициативность', 'Креативность']",3
120354535,Руководитель лаборатории,"['Документация испытательной лаборатории', 'Управление испытательной лабораторией', 'Руководство коллективом', 'Проведение лабораторных исследований', 'Обработка результатов испытаний', 'Обращение с технической документацией']",6
120342528,Фельдшер-лаборант КДЛ,"['Лабораторная диагностика', 'Биологические исследования']",2
120311831,Главный технолог/технолог на производство,"['Управление качеством', 'Контроль качества', 'Документальное сопровождение']",3
120336291,Лаборант,"['Лабораторная работа', 'Проведение лабораторных исследований', 'Химические методы анализа', 'Производственный контроль', 'Контроль качества', 'Уход за лабораторной аппаратурой']",6
120346725,Лаборант (QA),"['Лабораторная работа', 'Технологии химической промышленности', 'Ответственность', 'Химические методы анализа', 'Умение работать в коллективе', 'Контроль качества готовой продукции', 'Охрана труда и техника безопасности']",7
120243316,Инженер-лаборант (испытание нефти),"['оформление результатов испытаний', 'Проведение лабораторных исследований', 'Уход за лабораторной аппаратурой', 'Ведение отчётности', 'Документация испытательной лаборатории', 'Проведение испытаний', 'Химические методы анализа', 'Обработка результатов испытаний']",8
120185084,Биотехнолог,"['Ответственный подход к работе', 'Обучение персонала', 'Управление персоналом', 'Коммуникабельность, стрессоустойчивость', 'MS Office (Word, Excel, PowerPoint)', 'Работа в условиях многозадачности', 'Высшее образование', 'Организаторские навыки', 'Работа в команде', 'Корпоративная этика', 'Умение организовать работу']",11
120276784,Лаборант химического анализа,"['Лабораторная работа', 'Химические методы анализа', 'Титриметрический анализ (титрование)', 'MS PowerPoint', 'Креативность', 'MS Excel']",6
120239353,Лаборант химического анализа (старший инженер),"['Контроль качества', 'Работа с химреактивами', 'Контроль качества материалов', 'Лаборатория', 'Проверка на соответствие требованиям НД']",5
120275725,Лаборант,"['Лабораторная работа', 'Уход за лабораторной аппаратурой', 'Проведение лабораторных исследований', 'Умение работать в коллективе', 'Ведение документации']",5
120312755,Инженер-лаборант/колорист,"['Офисные программы', 'Коммуникабельность, стрессоустойчивость', 'Пользователь ПК', 'Учет остатков', 'Чистоплотность', 'Способность быстро обучаться', 'Внимательность к мелочам', 'Высокая энергичность и инициативность']",8
120286887,Химик-лаборант (технолог),"['Знание технологических процессов', 'Химические методы анализа', 'Проведение лабораторных исследований', 'Проведение испытаний', 'Обработка результатов испытаний']",5
120193273,Лаборант/Инженер-лаборант (в строительстве),['Контроль качества'],1
120259115,Технолог-лаборант,"['Контроль качества', 'Производственный контроль', 'Технический контроль производства', 'Организаторские навыки', 'Технология производства']",5
119964387,Лаборант ОТК,"['лаборант', 'лаборатория', 'преформа', 'Бережливое производство', 'Управление производством', 'Работа с компьютером', 'Коммуникабельность, ответственность', 'Контроль качества', 'Контроль качества готовой продукции', 'Документация испытательной лаборатории']",10
120338704,"Начальник лаборатории (БСУ, Бетон)","['Документация испытательной лаборатории', 'Проведение испытаний', 'Технологии лесной промышленности', 'Знание нормативной документации ГОСТ и СНиП', 'Аргументация', 'Технологии оборонной промышленности', 'Бетонная смесь', 'Организационно-технологические схемы', 'Технологии лёгкой промышленности', 'Разработка методики испытаний', 'Технический контроль производства', 'Микробиология']",12
120241877,Руководитель биотехнологической лаборатории,"['Руководство коллективом', 'Управление бэклогом', 'Управление знаниями\u200e', 'Управление бюджетом', 'Управление рисками', 'Управление ресурсами', 'Управление инновациями', 'Разработка методики испытаний', 'Проведение лабораторных исследований', 'Обработка результатов испытаний']",10
120280022,Лаборант химического анализа,"['Химические методы анализа', 'Ответственность', 'Исполнительность']",3
120118966,Лаборант ОТК,"['Пользователь ПК', 'Работа в команде', 'Документальное сопровождение', 'Лабораторная работа', 'Контроль качества', 'Ведение документации']",6
119701605,Лаборант АИЛ,"['Контроль качества', 'Ведение документации', 'Умение работать в коллективе', 'оформление документации', 'Навыки составления отчетности', 'Работа с базами данных']",6
116995810,Лаборант-купажист,"['Контроль качества', 'Работа в команде', 'Технический контроль производства']",3
120274182,Лаборант испытательной лаборатории,"['MS Word', 'AutoCAD', 'MS Excel']",3
120317289,Специалист по отбору проб,"['буровые растворы', 'лаборант', 'Бурение скважин', 'Технологии химической промышленности', 'отбор проб', 'химические реагенты', 'Проведение научных исследований', 'Проведение лабораторных исследований']",8
120346322,Лаборант химико-бактериологического анализа,"['MS Outlook', '1С: Предприятие 8', 'Электронный документооборот', 'Первичные документы']",4
120267577,Рентген-лаборант,"['Пользователь ПК', 'Рентгенография']",2
120281182,Лаборант-микробиолог,"['Микробиология', 'Ответственность']",2
119507126,Рентгенолаборант,"['Медицинская документация', 'Медицинское оборудование', 'Работа с мед документацией', 'Знание СанПиН', 'Рентгенология', 'Рентгенография', 'МРТ (магнитно-резонансная томография)', 'КТ']",8
120237688,Конструктор одежды,"['AutoCAD', 'CorelDRAW', 'CorelDRAW Graphics Suite', 'Умение работать в коллективе', 'САПР Ассоль', 'конструктор швейных изделий', 'конструктор трикотажных изделий', 'расчет норм расхода сырья', 'построение лекал', 'конструктор одежды', 'разработка табеля мер', 'технология поузловой обработки изделий']",12
120260291,Лаборант химического анализа,"['Лабораторная работа', 'Химические методы анализа', 'Точность и внимательность к деталям']",3
120089849,"Лаборант, производство лекарственных средств для медицинского применения","['Пользователь ПК', 'Грамотная речь', 'Лабораторная работа', 'Лабораторная диагностика', 'Ведение документации']",5
118825025,Лаборант без опыта (дневные смены),"['Лабораторная работа', 'Ответственность']",2
120281183,Лаборант-микробиолог,"['Микробиология', 'Ответственность']",2
120344229,Лаборант,"['Лабораторная работа', 'Уход за лабораторной аппаратурой']",2
120210216,Оператор / Лаборант (фармацевтическое производство),"['Производственный контроль', 'Работа на производстве', 'Контроль качества']",3
120342993,Лаборант,"['Проведение лабораторных исследований', 'Лабораторная работа', 'Уход за лабораторной аппаратурой', 'Косметология', 'Входной контроль сырья', 'Организация безопасной эксплуатации оборудования', 'Приготовление полуфабрикатов', 'Производственный экологический контроль']",8
120228505,Лаборант-микробиолог,['Лабораторная работа'],1
120304209,Инженер-лаборант,"['Работа в команде', 'Внимательность к мелочам', 'Опытный пользователь ПК, знание MS Office']",3
119960673,"Лаборант (БЕЗ ОПЫТА,НАУЧИМ)","['Аккуратность', 'Высокая обучаемость', 'Ответственность', 'Честность', 'Адекватность']",5
120319188,Лаборант,"['Лабораторная работа', 'Внимательность']",2
120217281,Лаборант испытательной строительной лаборатории,"['знание свойств бетона', 'Стрессоустойчивость', 'Документация испытательной лаборатории', 'Документальное сопровождение', 'Бережная эксплуатация оборудования и инструментов', 'Контроль выполнения задач', 'Проведение испытаний', 'Внимательность', 'Уход за лабораторной аппаратурой', 'Контроль маркировки', 'Ответственность', 'Ведение документации', 'Хранение документов', 'Составление документации']",14
120185369,Лаборант,"['Работа в команде', 'Умение учиться', 'Пользователь ПК', 'Проведение лабораторных исследований', 'Дорожное строительство']",5
120193707,Инженер-лаборант,"['Лабораторная работа', 'Проведение лабораторных исследований', 'Управление испытательной лабораторией', 'Разработка методики испытаний', 'Производственный экологический контроль', 'Проведение научных исследований', 'Аттестация по ОТ и ПБ']",7
119731564,Химик-технолог/химик-разработчик/химик-лаборант,"['Лабораторная работа', 'Химические методы анализа']",2
119942097,Лаборант физико-химического и микробиологического контроля,"['Контроль качества', 'Умение работать в коллективе', 'Управление качеством', 'Технический контроль производства']",4
120067263,Лаборант химического анализа,"['Контроль качества', 'Ведение документации', 'Химические методы анализа']",3
120323625,Лаборант,"['Фармацевтическая химия', 'Биотехнология', 'ИФА-диагностика', 'Уход за лабораторной аппаратурой', 'Проведение лабораторных исследований']",5
120342127,Лаборант,"['Лабораторная работа', 'Проведение испытаний']",2
119960399,Инженер-лаборант,"['Пользователь ПК', 'Документальное сопровождение', 'Проектная документация', 'Строительство', 'оформление документации']",5
119608174,Технолог лакокрасочного производства,['работа с водно-дисперсионными материалами'],1
120231580,Токсиколог/лаборант химического анализа,"['Ветеринария', 'Лабораторная работа', 'Проведение лабораторных исследований', 'Лабораторная диагностика', 'Химические методы анализа']",5
120252228,Лаборант строительной лаборатории,"['Технический контроль производства', 'Работа на производстве', 'Контроль качества', 'оформление документации', 'Работа с претензиями', 'Умение работать в условиях многозадачности']",6
120109441,Лаборант в лабораторию 3D-печати,"['Лабораторная работа', 'Проведение научных исследований', 'Проведение испытаний']",3
120199136,Лаборант,"['Пользователь ПК', 'Работа в команде', 'Навыки составления отчетности', 'Проведение лабораторных исследований']",4
119866132,Лаборант химического анализа,"['Работа в команде', 'Контроль качества', 'Умение планировать', 'Работа в условиях многозадачности', 'Ответственное отношение к работе', 'Организованный', 'Работа на производстве']",7
119548777,Лаборант,"['Химические методы анализа', 'Умение работать в коллективе', 'Уход за лабораторной аппаратурой', 'Документация испытательной лаборатории', 'Проведение лабораторных исследований', 'Технологические карты']",6
119838450,Конструктор одежды,['Дизайн одежды'],1
120357313,Офис-менеджер / Помощник руководителя,"['Строительство', 'Умение работать в команде', 'Пользователь ПК', 'Обучаемость', 'Делопроизводство', 'ППР', 'ТК', 'СОДД', 'Исполнительная документация', 'Дорожное строительство', 'Самостоятельность', 'ПТО', 'Коммуникабельность', 'Контроль', 'Отчёты']",15
120347082,"Заведующий лабораторией (микроклонального разведение растений), Алматы","['Микроклональное размножение', 'Проведение испытаний', 'Разработка методики испытаний', 'Растениеводство', 'Документация испытательной лаборатории', 'Проведение научных исследований', 'Повышение урожайности сельскохозяйственных культур', 'Ответственность', 'Исполнительность', 'Работоспособность', 'Руководство коллективом', 'Организаторские навыки', 'Управление испытательной лабораторией', 'Микробиология', 'Научные коммуникации']",15
119461767,Ветеринарный врач-лаборант,"['Заключение договоров', 'Контроль сроков годности', 'Организаторские навыки', 'Навыки составления отчетности', 'Умение планировать', 'Точность и внимательность к деталям', 'Санитарный контроль', 'Ведение документации', 'Контроль качества', 'Деловое общение', 'Обучение и развитие', 'Умение работать в коллективе', 'Деловая коммуникация', 'Поиск и привлечение клиентов', 'Мониторинг законодательства', 'Корпоративная этика', 'Лабораторная диагностика', 'Умение принимать решения', 'Разработка инструкций', 'Проведение презентаций']",20
117423831,Рентгенолаборант,"['рентгенология', 'Деловое общение', 'Пользователь ПК', 'Бесконфликтность', 'Умение проявлять гибкость', 'Деловая этика', 'Самообразование', 'Санпин', 'Рентгенология', 'классический рентген']",10
119526913,Младший лаборант (помощник лаборанта) Клинико -биохимический отдел,"['Медицинская документация', 'Грамотность', 'Лабораторная диагностика']",3
119600929,Лаборант зерновой лаборатории,"['Работа в команде', 'Готовность к командировкам', 'Способность к обучению и восприятию информации', 'Уверенный пользователь ПК']",4
119873304,Техник-лаборант в отдел хроматографических исследований,"['Химические методы анализа', 'Лабораторная работа', 'Контроль качества']",3
113078741,Лаборант (пищевое производство),['Производственный контроль'],1
119748424,Лаборант,"['Пользователь ПК', 'Производственный контроль', 'Лабораторная работа', 'Умение работать в команде', 'Работа с оргтехникой']",5
119512478,Лаборант-хроматографист,"['Химические методы анализа', 'Умение работать в коллективе', 'Ответственность']",3
120232322,Инженер-лаборант,"['Контроль качества', 'Лабораторная диагностика', 'Проведение лабораторных исследований']",3
120213865,Лаборант,"['Входной контроль сырья', 'Титриметрический анализ (титрование)']",2
120257900,Лаборант клинической диагностики,"['усидчивость, коммуникабельность, неконфликтность']",1
119769604,Младший научный сотрудник (клонирование),"['Лабораторная работа', 'ПЦР-метод', 'Научные исследования', 'Выделение ДНК', 'Написание научных статей', 'Клонирование', 'Форез']",7
119534337,Лаборант - технолог,"['Ответственность', 'Внимательность', 'Лабораторная работа']",3
120198634,Техник-лаборант,"['Инициативность', 'Лабораторная работа', 'Контроль качества', 'работа с документами']",4
120253685,Заведующий агрохимической лабораторией,"['Проведение лабораторных исследований', 'Контроль качества', 'Документальное сопровождение', 'Ответственность', 'MS Office']",5
119788800,Помощник Дизайнера (Дизайн Одежды) Дома Моды AVALON,"['Adobe Photoshop', 'CorelDRAW', 'Adobe Illustrator', 'Дизайн одежды', 'Рисунок от руки', 'Дизайн', 'Разработка дизайн-концепции', 'Дизайн-мышление', 'Графический дизайн', 'Мониторинг трендов', 'Эскиз', 'Конструирование одежды']",12
120200190,Лаборант,"['Лабораторная работа', 'Навыки составления отчетности', 'Химические методы анализа', 'Ведение документации']",4
120010811,Лаборант Братского отдела лабораторного анализа и технических измерений,"['Лабораторная работа', 'Химические методы анализа']",2
119588576,Администратор стоматологической клиники,"['Деловая переписка', 'Телефонные переговоры', 'Навыки межличностного общения', 'Обучение и развитие', 'Навыки продаж']",5
119300428,Лаборант в научно-производственную лабораторию,"['Лабораторная работа', 'Ведение документации', 'Проведение лабораторных исследований', 'Уход за лабораторной аппаратурой', 'Химические методы анализа', 'ПЦР', 'ПЦР в реальном времени', 'Электрофорез', 'ДНК']",9
119452390,МРТ лаборант,"['Медицинское оборудование', 'Умение работать в коллективе', 'Медицинская документация']",3
120313228,Лаборант,"['Работа с оргтехникой', 'Лабораторная работа', 'Ведение документации', 'Умение работать в коллективе', 'Контроль качества']",5
119704839,Инженер-лаборант,"['Ведение документации', 'Производственный контроль', 'Точность и внимательность к деталям', 'Химические методы анализа', 'Работа с оргтехникой', 'Нормативно-техническая документация', 'Разработка инструкций']",7
119652321,Рентген-лаборант,"['Пользователь ПК', 'Грамотная речь', 'Клиентоориентированность', 'Internet']",4
120218184,Конструктор одежды,['Grafis12'],1
119481301,Специалист по контролю качества,"['Контроль качества готовой продукции', 'Инициативность', 'умение оперативно работать', 'способность работать в команде', 'желание учиться и развиваться', 'общительность', 'Целеустремленность', 'умение анализировать и делать выводы', 'системность мышления', 'увлеченность своей профессией', 'точность и внимательность к деталям']",11
119412023,Лаборант,"['Уход за лабораторной аппаратурой', 'Ответственность', 'Лабораторная работа', 'Ведение документации']",4
119648186,Лаборант (зерно),"['Контроль качества', 'Лабораторная работа', 'Ответственность', 'Внимательность', 'Стрессоустойчивость', 'Проведение лабораторных исследований', 'Ведение отчетности']",7
119817244,Лаборант,"['Лабораторная работа', 'ПЦР-метод', 'Электрофорез', 'Выделение ДНК', 'Лабораторная диагностика']",5
120279907,Менеджер по качеству / Контролер ОТК,"['Контроль качества', '1С: Производство', 'Лабораторная работа', 'Производственный контроль']",4
119697050,Лаборант,"['Контроль качества', 'Лабораторная работа', 'Производственный контроль', 'Разработка нового продукта', 'Управление качеством']",5
119700781,Рентген-лаборант,"['Медицинская документация', 'Медицинское оборудование', 'Точность и внимательность к деталям']",3
120034665,Лаборант Отдела молекулярной диагностики,"['Работа с оргтехникой', 'Поиск информации в интернет', 'Умение работать в коллективе']",3
120099906,Старший лаборант,['Контроль качества'],1
118905569,Инженер лаборатории,"['Лабораторная работа', 'Ведение документации', 'Ответственность', 'Химические методы анализа']",4
119502063,Лаборант химического анализа на очистных сооружениях,"['Контроль качества', 'Анализ производственных показателей', 'Ведение документации', 'Лабораторная работа', 'Химические методы анализа']",5
120244159,Инженер-лаборант (лаборатория вирусных вакцин),"['Лабораторная работа', 'Лабораторные испытания', 'Биотехнология', 'Биологические исследования', 'Биологические испытания', 'Вирусология', 'Микроорганизмы III-IV групп патогенности', 'Вакцины', 'Вирусные вакцины']",9
119040349,Лаборант в медиа-студию,"['Коммуникабельность', 'Инициативность', 'Креативность', 'Ответственность']",4
120338254,Лаборант,"['Лабораторная работа', 'Пользователь ПК', 'Работа в команде', 'Химические методы анализа', 'Контроль качества', 'Контроль за качеством блюд']",6
119757511,Лаборант на производство (без опыта),"['Контроль качества', 'Лабораторная диагностика', 'Точность и внимательность к деталям', 'Анализ производственных показателей']",4
119899724,Техник-лаборант,"['физика грунта', 'механика грунтов', 'испытания грунтов', 'Почвоведение']",4
119500006,Рентген-лаборант,"['Медицинская документация', 'Пользователь ПК', 'Составление документации']",3
120213257,Фельдшер-лаборант КЛД,"['Пользователь ПК', 'Документальное сопровождение', 'Ведение отчетности']",3
118615237,Лаборант,"['Лабораторная работа', 'Внутренний контроль', 'Первичная документация', 'Корпоративная этика']",4
120272821,Химик-лаборант (производство приправ и пряностей),"['Лабораторная работа', 'Уход за лабораторной аппаратурой', 'Химические методы анализа']",3
120343041,Химик (химик - лаборант),"['Химические методы анализа', 'Деловое общение', 'Активные продажи', 'Лабораторная работа', 'Развитие продаж', 'Научные исследования', 'Научная деятельность', 'Документальное сопровождение']",8
119486070,Лаборант,"['Безметалловая керамика', 'Керамика', 'Теория цвета', 'Лабораторная диагностика', 'Документация испытательной лаборатории', 'Проведение лабораторных исследований', 'Технология производства', 'Химия', 'Органическая химия', 'Силикаты', 'Ангобы']",11
120262529,Лаборант химического анализа 5 разряда,"['Химические методы анализа', 'Подготовка презентаций', 'Деловой этикет', 'Лабораторная работа', 'Электронная почта', 'Точность и внимательность к деталям', 'испытание пластовой воды']",7
118907611,Лаборант в школу,['Лабораторная работа'],1
119529044,Лаборант в дорожную лабораторию,['Контроль качества'],1
119709428,Рентген-лаборант КТ,"['Пользователь ПК', 'Работа в команде', 'Грамотная речь', 'Ведении документации', 'Умение быстро усваивать новую информацию', 'Работа в условиях многозадачности']",6
117461371,Лаборант на производство,"['Пользователь ПК', 'Умение работать в команде', 'Высшее образование', 'Охрана труда и техника безопасности', 'Лабораторная диагностика']",5
117336166,Фельдшер-лаборант (медицинский лабораторный техник),['Работа на ПК'],1
119825727,Лаборант 5 разряда,"['Контроль качества', 'Контроль качества продукции', 'Анализ производственных показателей', 'Бережливое производство', 'Знание технологических процессов', 'Технологии химической промышленности', 'Лабораторная работа', 'Химические методы анализа', 'Уход за лабораторной аппаратурой']",9
120313442,Лаборант физико-химического анализа,"['Лабораторная работа', 'Санитарный контроль', 'Химические методы анализа', 'Входной контроль сырья', 'Проведение лабораторных исследований']",5
120203373,Лаборант химического анализа,"['Контроль качества', 'Лабораторная работа', 'Ведение документации']",3
119786493,Лаборант (Skolkovo campus),"['Лабораторная работа', 'Intermediate English', 'Химические эксперименты', 'Химия', 'Химия в школе', 'Химический анализ', 'Учитель химии', 'Химическая лаборатория', 'Уроки химии']",9
119329000,Лаборант,"['Пользователь ПК', 'Работа в команде', 'Навыки работы с первичной документацией', 'Лабораторная работа', 'Умение работать в команде']",5
119874166,Лаборант химического анализа,"['Пользователь ПК', 'Ведение документации', 'Лабораторная работа', 'Поиск информации в интернет']",4
120168661,Лаборант (КДЛ),"['Лабораторная диагностика', 'Ведение документации', 'Медицинское оборудование']",3
120344986,Химик-лаборант,"['Microsoft Access', '1C: Предприятие', 'Позитивный настрой', 'Excel', 'Работа в программе 1С', 'Точность и внимательность к деталям', 'Работа с нормативной документацией', 'Работа на производстве', 'Планирование и организация']",9
119568214,Рентген-лаборант,['Медицинское оборудование'],1
119767222,Контролер качества (лаборант),"['Контроль качества', 'Контроль качества продукции', 'Контроль упаковки', 'Контроль маркировки']",4
120216248,Инженер-лаборант,"['Контроль качества', 'Титриметрический анализ (титрование)', 'Гравиметрический анализ', 'Спектрометрия', 'Фотометрия', 'Расчеты в соответствии с проведенными анализами']",6
119533994,Рентген лаборант,"['Пользователь ПК', 'Грамотная речь', 'Работа в команде', 'Умение работать в команде', 'Точность и внимательность к деталям', 'Дружелюбность', 'Работа с ПК', 'Внимательность к мелочам', 'Навыки разрешения спорных ситуаций']",9
119858533,Лаборант химического анализа,"['Лабораторная работа', 'Работа с оргтехникой', 'Работа с документами', 'Лабораторная диагностика', 'Навыки составления отчетности', 'Контроль качества', 'Навыки работы с первичной документацией', 'Умение работать в коллективе']",8
119922352,Инженер-лаборант в строительную лабораторию,"['Грамотная речь', 'Грамотность', 'Ведение документации', 'Должностные инструкции']",4
119631562,Лаборант фармацевтического производства,"['Умение работать в команде', 'Способность быстро обучаться', 'Лабораторная работа']",3
119765668,Инженер-лаборант,"['Контроль качества', 'Документация испытательной лаборатории', 'Лабораторная работа', 'Химические методы анализа', 'Спектрометрия', 'Спектрофотометрия']",6
120157558,Лаборант-исследователь / микробиолог / физико-химик,"['Научные исследования', 'Пользователь ПК', 'Аналитические исследования', 'Научная деятельность']",4
119638009,Лаборант - контролер,['Точность и внимательность к деталям'],1
119359768,Инженер-лаборант,['Контроль качества'],1
120240867,Лаборант,"['Контроль качества', 'Точность и внимательность к деталям', 'Лабораторная работа', 'Лабораторная диагностика']",4
118614386,Лаборант / ассистент парфюмера,"['Исполнительность', 'Ответственность', 'Уход за лабораторной аппаратурой', 'Лабораторная работа', 'Пунктуальность', 'Внимательность', 'Обучаемость', 'Работоспособность']",8
119046322,Лаборант,"['Работа в команде', 'Обучаемость', 'Пунктуальность', 'Ответственность', 'Пользователь ПК']",5
119530099,Лаборант,"['Контроль качества', 'Лабораторная работа']",2
118238878,Лаборант на гидро-пневмо испытания без опыта,"['Контроль качества', 'гидроиспытания', 'пневмо испытания']",3
120057803,Инженер-химик,"['Проведение испытаний', 'Технологии химической промышленности', 'Знание технологических процессов']",3
119383561,Лаборант в испытательную лабораторию с совмещением менеджера по качеству,"['Контроль качества', 'Лабораторная работа', 'Проведение испытаний', 'Проведение лабораторных исследований', 'Пользователь ПК', 'Управление испытательной лабораторией', 'Документация испытательной лаборатории', 'Менеджмент качества', 'ГОСТ 17025-2019', 'Грунты', 'Почва', 'Испытательная лаборатория', 'Грунтоведческая лаборатория', 'МЛСИ', 'Производственный контроль', 'Ответственность', 'Область аккредитации', 'Аккредитованная лаборатория', 'Щебень', 'Песок', 'Лаборант грунтоведческой лаборатории', 'Лаборант', 'Специалист по качеству', 'Менеджер по качеству', 'Специалист СМК', 'Грунтоведение', 'Почвоведение', 'Бетон', 'Асфальт']",29
119824476,Техник-лаборант (биоаналитическая лаборатория),"['Пользователь ПК', 'Ведение документации', 'Точность и внимательность к деталям', 'Лабораторная работа', 'GLP (Good Laboratory Practice)']",5
120248501,Рентген-лаборант,"['Работа в команде', 'Ведение документации', 'Рентгенография', 'Пользователь ПК', 'Обучаемость', 'Санэпидрежим']",6
120059721,Химик,"['Химические методы анализа', 'Исследовательский анализ данных', 'Анализ производственных показателей', 'Анализ технических рисков', 'Разработка методики испытаний']",5
119841290,Инженер-лаборант дорожно-строительной лаборатории,"['Проведение испытаний', 'Обработка результатов испытаний']",2
119502064,Лаборант химического анализа на очистных сооружениях,"['Контроль качества', 'Анализ производственных показателей', 'Ведение документации', 'Лабораторная работа', 'Химические методы анализа']",5
119728748,Инженер-Оптик (Лаборант),"['ZEMAX', 'Solid Works']",2
119945511,Инженер строительной лаборатории,"['Лабораторная работа', 'Контроль качества', 'Пользователь ПК']",3
120186386,Инженер по качеству,"['Работа в команде', 'Умение учиться', 'Пользователь ПК', 'Проведение лабораторных исследований', 'Дорожное строительство']",5
120069100,Инженер-лаборант,"['Контроль качества', 'Производственный контроль', 'Лабораторная работа', 'Документальное сопровождение', 'Аналитические исследования', 'Обеспечение техники безопасности']",6
120191863,"Лаборант , Академгородок (имплантаты для реконструктивной хирургии)","['Лабораторная работа', 'Уход за лабораторной аппаратурой']",2
120282460,Старший лаборант клинико-диагностической лаборатории,"['Лабораторная диагностика', 'Медицинская документация', 'Проведение лабораторных исследований', 'Ведение документации']",4
119324731,Инженер-лаборант,"['Лабораторная работа', 'Научные исследования', 'Техническая документация', 'Контроль качества', 'Точность и внимательность к деталям', 'Работа с оргтехникой']",6
119841401,Лаборант,"['Умение работать в коллективе', 'Точность и внимательность к деталям', 'Производственный контроль', 'Анализ данных', 'Контроль качества']",5
120305651,Лаборант химического анализа,"['Ведение документации', 'Лабораторная работа', 'Проведение лабораторных исследований', 'Химические методы анализа', 'Документация испытательной лаборатории', 'Ответственность']",6
119410895,Помощник лаборанта,"['аккуратность', 'Работа на производстве']",2
120169843,Рентген-лаборант с функциями администратора,"['Пользователь ПК', 'Грамотная речь', 'Работа в команде', 'Работа с людьми', 'Ответственность', 'ОПТГ', 'ТРГ', 'КЛКТ', 'Рентгенодиагностика']",9
119561742,Химик-лаборант (Производство бытовой химии),"['Контроль качества', 'Технология производства', 'Ведение документации', 'Ведение отчетности', 'Разработка нового продукта']",5
120338048,Лаборант (физико-химического анализа),"['Ответственность', 'Внимательность', 'Умение работать в коллективе', 'Ведение рабочих журналов']",4
118546907,Инженер Ангарского отдела лабораторного анализа и технических измерений,"['Лабораторная работа', 'Химические методы анализа']",2
117814695,Фельдшер-лаборант,"['Пользователь ПК', 'Работа в команде', 'Управление персоналом', 'Обучение персонала']",4
120173278,Технолог,"['Знание технологии', 'Активная позиция', 'Пошив одежды', 'Конструирование одежды']",4
118238971,Лаборант на гидро-пневмо испытания,"['Контроль качества', 'гидро-пневмо испытания', 'испытания запорно-регулирующей арматуры']",3
119606457,Инженер-лаборант дорожной лаборатории (Новгородская область),"['Лабораторная работа', 'Ведение документации', 'Дорожное строительство']",3
120249008,Рентген-лаборант/рентгенолаборант,"['Пользователь ПК', 'Работа с людьми', 'Ведение пациентов', 'Рентгенография']",4
117828668,Лаборант химического анализа,"['Контроль качества', 'Пользователь ПК', 'Лабораторная работа', 'Ведение документации', 'Умение работать в команде']",5
119920040,Администратор ветеринарной лаборатории / Регистратор в лабораторию,"['Работа с большим объемом информации', 'Работа с кассой', 'Телефонные переговоры', 'Работа с базами данных', 'Лабораторная диагностика', 'Точность и внимательность к деталям', 'Английский язык', 'Ветеринария']",8
120270531,Лаборант,"['Лабораторная работа', 'Ведение документации']",2
120287650,Лаборант,['Работа в команде'],1
120290582,Лаборант по физико-механическим испытаниям,"['Лабораторная работа', 'Пользователь ПК', 'Контроль качества']",3
119554754,Инженер-лаборант,"['Пользователь ПК', 'Лабораторная работа', 'оформление документации', 'Навыки работы с первичной документацией', 'Умение работать в коллективе']",5
120004838,Лаборант химического анализа,"['Контроль качества сырья', 'аналитическая химия']",2
119387253,"Инженер-лаборант (Управление проектом М-3 ""Украина"")","['Пользователь ПК', 'Работа в команде', 'Ведение документации', 'оформление документации', 'Internet', 'Внимательность', 'Исполнительность', 'умение работать в команде']",8
120319194,Лаборант физико-химического анализа,"['Ответственность и исполнительность', 'Ответственный подход к работе']",2
116476662,Медицинский регистратор/Администратор,"['Знание MS Office', 'клинические исследования', 'регистрация биоматериала', 'медицинское образование', 'Пунктуальность', 'Внимательность', 'Медицинская сестра', 'Фельдшер', 'прием биоматериала', 'Регистрация биоматериала']",10
119803715,Инженер-лаборант,"['Контроль качества', 'Лабораторная работа', 'Производственный контроль']",3
119845561,Лаборант,"['Контроль качества', 'Химические методы анализа', 'Технология производства', 'Работа в команде']",4
118848997,Лаборант в лабораторию цитогенетики и молекулярной генетики,"['Пользователь ПК', 'Работа с базами данных', 'выделение ДНК/РНК', 'Выделение клеток', 'полимеразная цепная реакции', 'Ответственность', 'дисциплина']",7
119557698,Медицинский лабораторный техник (фельдшер-лаборант),['Работа на ПК'],1
107849138,Лаборант по бетону/Технолог/Инженер-лаборант,"['Работа в команде', 'Контроль качества', 'Мобильность']",3
118879195,Лаборант,"['Работа в команде', 'Электронная почта', 'Обучение и развитие', 'Умение работать в команде', 'Медицинское оборудование', 'Лабораторная работа', 'Пользователь ПК', 'Лабораторная диагностика', 'ПЦР-метод', 'ИФА-диагностика']",10
120156335,Лаборант химического анализа,"['Контроль качества', 'Лабораторная работа', 'Производственный контроль', 'Химические методы анализа']",4
120187517,Лаборант химического анализа,['Химические методы анализа'],1
119647542,Менеджер по персоналу,"['Подбор персонала', 'Рекрутмент', 'Адаптация персонала', 'Обучение и развитие', 'Корпоративная культура', 'Внутренние коммуникации', 'Деловая переписка', 'Деловое общение', 'Телефонные переговоры', 'Поиск персонала в открытых источниках']",10
119128399,Лаборант химического анализа,"['Хроматография', 'Химические методы анализа', 'Обработка результатов испытаний', 'Лабораторная работа', 'Ответственность']",5
120226060,Швея-портной,"['Трудолюбие', 'Желание работать']",2
119469842,Лаборант химического анализа,"['Контроль качества', 'Химический анализ', 'Выполнение измерений', 'Ведение документации', 'Лабораторная работа', 'Проведение лабораторных исследований', 'Химические методы анализа']",7
119888087,Инженер по качеству готовой продукции,"['Умение планировать', 'Многозадачность', 'Excel', 'Ведение отчетности']",4
120267929,Техник-лаборант строительной лаборатории,"['Документальное сопровождение', 'Контроль качества', 'Работа с базами данных', 'Внутренняя документация', 'оформление документации']",5
120319051,Медицинский лабораторный техник (фельдшер-лаборант),"['Пользователь ПК', 'Работа в команде', 'Работа с людьми', 'Грамотность', 'Проведение опросов клиентов']",5
120212748,Рентген-лаборант,"['Пользователь ПК', 'Ведение документации', 'Умение работать в команде', 'Медицинское оборудование', 'Умение работать в коллективе']",5
119441645,Лаборант химического анализа,"['Контроль качества', 'Контроль качества продукции', 'Производственный контроль', 'Проведение лабораторных исследований', 'Химические методы анализа', 'Входной контроль сырья', 'Технологии химической промышленности']",7
119858395,Лаборант-микробиолог,"['Контроль качества', 'оформление документации', 'Лабораторная диагностика', 'Навыки работы с первичной документацией', 'Внутренняя документация']",5
120078130,Лаборант / руководитель лаборатории,"['Работа с компьютером', 'Лабораторная работа', 'Химические методы анализа', 'Почвоведение']",4
120213423,Фельдшер-лаборант,"['Медицинское оборудование', 'MS PowerPoint', 'Создание, развитие и ведение клиентской базы']",3
118030061,Лаборант,"['Пользователь ПК', 'Умение работать в команде', 'Ведение документации', 'Навыки работы с первичной документацией', 'Навыки составления отчетности']",5
119500072,Лаборант выездной (зерно),"['Мобильность', 'Ответственность', 'Контроль качества', 'Зерновые культуры', 'Сельское хозяйство']",5
119302252,Лаборант в отдел микробилогических и вирусологических исследований,"['Уборка помещений', 'Мытье лабораторной посуды', 'Чистое производство', 'Лабораторная работа', 'Микробиология', 'Стерилизация инструментов']",6
119864254,Лаборант/специалист в испытательную лабораторию,"['Пользователь ПК', 'Internet', 'Аналитические исследования', 'Аналитическое мышление', 'Умение работать в коллективе', 'Химические методы анализа', 'Высокая стрессоустойчивость', 'Скорость']",8
120198713,Химик-лаборант,"['Химические методы анализа', 'Производственный контроль', 'Навыки работы с первичной документацией', 'Контроль качества', 'Биотехнология', 'Технический контроль производства']",6
119856766,Лаборант (Геолог),['Лабораторная работа'],1
119469460,Линейный контролер ОТК,"['Контроль качества', 'Контроль качества продукции']",2
119891733,Инженер-лаборант в аналитическую лабораторию,"['Ведение документации', 'Лабораторная работа', 'Химические методы анализа', 'Умение работать в коллективе', 'Проведение лабораторных исследований', 'Ведение рабочих журналов']",6
120287784,Лаборант,"['Лабораторная работа', 'Ответственность', 'Умение работать в коллективе', 'Внимательность']",4
119900693,Лаборант,['лабораторные испытания'],1
120114182,Врач-лаборант КДЛ,"['Пользователь ПК', 'Работа в команде', 'Умение работать в команде', 'оформление документации', 'Ответственное хранение']",5
119531164,Лаборант,"['Аналитический склад ума', 'Исполнительность', 'Химические методы анализа', 'пробоподготовка', 'Лабораторная работа']",5
119110501,Лаборант химического анализа 6 разряда,"['владение инструментальными методами анализа', 'уверенный пользователь ПК', 'знание техники лабораторных работ', 'масс-спектрометрический метод анализа', 'атомно-эмиссионный метод анализа с индуктивно связанной плазмой', 'внутрилабораторный контроль', 'испытательная аналитическая лаборатория', 'Титриметрический анализ (титрование)']",8
120065719,Рентгенолаборант / Рентгенлаборант / Рентген-лаборант,"['Рентгенография', 'МРТ (магнитно-резонансная томография)', 'КТ']",3
119696985,Лаборант-микробиолог,"['Контроль качества', 'Лабораторная диагностика', 'Производственный контроль']",3
118240475,Медицинский советник / Менеджер по развитию бизнеса в MedTech проект,"['Проведение презентаций', 'Основы маркетинга', 'Медиапланирование', 'Медицинское оборудование', 'Лабораторное оборудование', 'Написание научных статей', 'Маркетинговая стратегия', 'Коммуникационная стратегия']",8
119958022,Рентген-лаборант на рентген,"['Пользователь ПК', 'Работа в команде', 'Грамотная речь', 'оформление документации', 'Грамотность']",5
118233443,Контрольный мастер лаборатории технического контроля (ЛКМ)\лаборант,"['Контроль качества', 'Технический контроль производства', 'Лабораторная работа', 'Производственный контроль', 'ЛКМ', 'Порошковые краски']",6
119825120,Рентген-лаборант МРТ,"['Внутривенные инъекции', 'Медицинское оборудование', 'Навыки межличностного общения', 'Обучение и развитие', 'Деловая переписка']",5
119947904,Врач лаборант с медицинским образованием,"['Медицинское оборудование', 'Медицинская документация', 'Диагностика заболеваний', 'Проведение лабораторных исследований', 'Лабораторная диагностика', 'Ответственность', 'Лабораторная работа']",7
118706654,Менеджер по продажам,"['Активные продажи', 'Планирование продаж', 'Оптовые продажи', 'Навыки переговоров', 'Подготовка коммерческих предложений', 'Привлечение клиентов', 'Заключение договоров', 'B2B Продажи', 'Оценка потребностей клиентов', 'Навыки продаж']",10
119142701,Фельдшер-лаборант плановой лаборатории,"['Лабораторная диагностика', 'Лабораторная работа', 'Химические методы анализа', 'Пользователь ПК']",4
119788614,Лаборант (пищевое производство),"['Ведение документации', 'Умение работать в коллективе', 'Работа на производстве']",3
119590660,Лаборант,"['Пользователь ПК', 'Работа в команде', 'Грамотная речь', 'оформление документации', 'MS PowerPoint', 'Работа в ЛИС']",6
119920288,Инженер строительной лаборатории,"['Пользователь ПК', 'Проведение испытаний', 'Отбор проб', 'Лабораторная работа', 'Уход за лабораторной аппаратурой', 'Составление отчетов']",6
119537598,Лаборант химанализа,"['Работа в команде', 'Умение работать в коллективе', 'Работа в условиях многозадачности', 'Работа с компьютером', 'Умение работать в условиях многозадачности']",5
120114528,Лаборант химического анализа в экологическую лабораторию,"['Основы общей и аналитической химии', 'Знание правил пользования спектрофотометром', 'Знание правил пользования рН – метром']",3
116519078,Лаборант,"['Уход за лабораторной аппаратурой', 'Складской Учет', 'ISO 9001', 'Контроль упаковки', 'Ответственность', 'Обучаемость', 'Исполнительность', 'Работоспособность', 'Работа в команде', 'Контрольно-измерительные операции']",10
119653885,Ветеринарный врач-лаборант,"['Пользователь ПК', 'Медицинское оборудование', 'Ветеринария', 'Лабораторная диагностика', 'Уход за лабораторной аппаратурой']",5
119872129,Лаборант химического анализа,"['Лабораторная работа', 'Химические методы анализа', 'Контроль качества', 'Проведение лабораторных исследований']",4
119893465,Лаборант,"['Контроль качества', 'Входной контроль сырья', 'Строительный контроль', 'физико-механические испытания']",4
108161740,Лаборант химического анализа,"['Лабораторная работа', 'Контроль качества', 'Химические методы анализа', 'Проведение лабораторных исследований', 'Ответственность', 'Умение работать в коллективе', 'Документация испытательной лаборатории', 'Входной контроль сырья']",8
119649729,Лаборант ОТК,"['Контроль качества', 'Ведение документации', 'Лабораторная работа', 'Составление отчетов', 'Составление документации', 'Контроль качества продукции', 'Контроль качества готовой продукции']",7
120272486,Лаборант,"['Пользователь ПК', 'оформление документации', 'Ответственное отношение к работе']",3
120305410,Техник-лаборант,"['Контроль качества', 'Лабораторная работа', 'Ответственность']",3
117103772,Администратор лабораторного отдела,"['Медицинское оборудование', 'оформление документации', 'Лабораторная диагностика']",3
119676048,Фельдшер-лаборант/медицинский лабораторный техник,"['Работа в команде', 'Контроль качества', 'Медицинское оборудование', 'Навыки межличностного общения', 'Лабораторная диагностика', 'Уверенные навыки владения ПК']",6
118867802,Помощник Лаборанта производственной лаборатории (ученик),"['Лабораторная работа', 'Обучение и развитие', 'Контроль качества', 'Строительство', 'бетонщик', 'лаборант']",6
119474769,Рентген лаборант,"['Пользователь ПК', 'Грамотная речь', 'Работа в команде', 'Умение работать в команде', 'Точность и внимательность к деталям', 'Дружелюбность', 'Работа с ПК', 'Внимательность к мелочам', 'Навыки разрешения спорных ситуаций']",9
119592307,Лаборант химического анализа,"['Контроль качества', 'Ведение документации', 'Взаимодействие с контролирующими органами', 'Контрольно-измерительные операции']",4
120096153,Инженер-лаборант (строительный контроль),"['Пользователь ПК', 'Работа в команде', 'Ведение документации', 'Word, Excel']",4
119533647,Инженер-лаборант 1 категории аналитической лаборатории Испытательного центра,"['химический анализ', 'органолептический анализ', 'анализ воды', 'анализ почвы', 'внутрилабораторный контроль', 'ВЛК', 'СМК', 'аккредитованная лаборатория', 'Аттестация', 'Поверка', 'Ведение рабочих журналов']",11
120292754,Лаборант (на производство),"['Документация испытательной лаборатории', 'Проведение испытаний', 'Обработка результатов испытаний', 'Уход за лабораторной аппаратурой', 'Проведение лабораторных исследований', 'Контроль качества', 'Контроль качества готовой продукции', 'Контроль качества продукции', 'Химические методы анализа', 'Экологическая безопасность', 'Менеджмент качества', 'Ответственность', 'Лабораторная работа', 'Умение работать в коллективе', 'Знание свойств металлов', 'химический анализ']",16
118416640,Техник-лаборант физико-механических испытаний/начинающий специалист,"['Работа в команде', 'Творческое мышление', 'усидчивость', 'аккуратность', 'работа со строительным инструментом']",5
119825915,Лаборант,['Проведение лабораторных исследований'],1
120067265,Лаборант химического анализа,"['Пользователь ПК', 'оформление документации', 'Работа с документами', 'Навыки составления отчетности', 'Владение офисной техникой', 'Владение MS Office']",6
119564369,Лаборант 1 категории метрологической лаборатории,"['Метрология', 'Документальное сопровождение', 'Деловая переписка', 'Уход за лабораторной аппаратурой', 'Производственный контроль', 'Технологический аудит']",6
120043998,Лаборант,"['Лабораторная работа', 'Производственный контроль', 'Бережливое производство']",3
88974080,Лаборант отдела контроля качества,"['Контроль качества', 'Производственный контроль', 'Пользователь ПК', 'Анализ сырья', 'Химические методы анализа', 'Станки ЧПУ', 'Знание устройства производственного оборудования']",7
119444477,Инженер-лаборант,"['Пользователь ПК', 'Технический контроль производства', 'Контроль качества', 'Строительство', 'Работа с технической документацией']",5
119507494,Лаборант химического анализа,"['Химические методы анализа', 'Лабораторная работа', 'Контроль качества']",3
120014102,Лаборант,"['Химические методы анализа', 'Работа в команде', 'Лабораторная работа', 'Ветеринария', 'Биотехнология', 'биология', 'Микробиология']",7
112158757,Лаборант входного контроля на пищевое производство,"['Технология производства', 'Контроль качества', 'Лабораторная работа', 'Технический контроль производства', 'Производственный контроль']",5
119275939,Химик-лаборант (г. Котельники),"['Работа в команде', 'Поиск информации в интернет', 'Лабораторная работа', 'Internet', 'Умение работать в коллективе']",5
119827521,Лаборант химического анализа,"['Работа в коллективе', 'Дружелюбие', 'способность быстро обучаться и легко воспринимать крупные объемы информации']",3
120123744,Лаборант,"['Пользователь ПК', 'Работа в команде', 'Безопасность', 'Обеспечение техники безопасности', 'Дружелюбность', 'Ответственный подход к работе', 'Ответственность', 'Лабораторная работа', 'Документальное сопровождение']",9
119796981,Лаборант в департамент R&D фармпрепаратов,"['Химические методы анализа', 'Пользователь ПК', 'Документальное сопровождение', 'Работа в лаборатории']",4
120018725,Инженер-лаборант (дорожные испытания),"['Высшее образование', 'Способность быстро принимать решения', 'Ведение документации', 'Умение работать в условиях многозадачности']",4
119651381,Инженер-лаборант отдела производственной лаборатории,"['Контроль качества', 'Пользователь ПК']",2
119531474,Лаборант по физико-механическим испытаниям,"['Контроль качества', 'Контроль качества готовой продукции', 'Анализ производственных показателей']",3
120202818,Оператор производства/Лаборант,"['Работа в команде', 'Ответственность', 'Добросовестность', 'Физическая активность', 'Защита растений']",5
120235674,Лаборант химического анализа,"['Контроль качества', 'Контроль качества продукции', 'Производственный контроль', 'Проведение лабораторных исследований', 'Химические методы анализа', 'Входной контроль сырья', 'Технологии химической промышленности']",7
118587437,Ветеринарный врач-лаборант,"['Ветеринария', 'Лабораторная диагностика', 'Проведение лабораторных исследований']",3
119543927,Фельдшер-лаборант/медицинский лабораторный техник,"['Лабораторная работа', 'Работа в команде', 'Высокая энергичность и инициативность']",3
120029870,Лаборант-микробиолог,"['Умение работать в коллективе', 'Составление отчетности', 'Биологические исследования', 'Санитарный контроль', 'навыки работы с электронной почтой']",5
120275379,Химик-лаборант,"['Работа в команде', 'Умение работать в коллективе', 'ПК', 'Работа в условиях многозадачности', 'Работа с компьютером']",5
118638058,Контролер ОТК/Лаборант,"['Контроль качества', 'оформление документации']",2
120231463,Инженер пробирного анализа/Инженер-химик,"['пробирный анализ', 'золото', 'плавка', 'лаборант']",4
119521094,Лаборант-исследователь,['Уход за растениями'],1
119832293,Лаборант-микробиолог,"['Работа с большим объемом информации', 'Подготовка отчетов', 'Химические методы анализа', 'Аналитическое мышление', 'Деловая коммуникация', 'Документооборот', 'Лабораторная работа']",7
119620875,Лаборант (Контролер ОТК),"['Контроль качества', 'Проведение испытаний', 'Уход за лабораторной аппаратурой', 'Контроль маркировки']",4
117208418,Лаборант химического анализа 4 разряда,"['Пользователь ПК', 'Работа в команде', 'Грамотная речь', 'Ведение документации', 'Контроль качества']",5
119647501,Лаборант в грунтовую лабораторию,"['MS Excel', 'MS Word']",2
120188595,Лаборант химического анализа,"['Охрана труда и техника безопасности', 'Умение работать в коллективе', 'Материальная ответственность']",3
119946641,Лаборант на производство лакокрасочной продукции,"['Входной контроль сырья', 'Контроль качества готовой продукции', 'Лабораторная работа', 'Ответственность', 'Химические методы анализа', 'Контроль качества продукции', 'Контроль качества', 'Документация испытательной лаборатории', 'Проведение испытаний']",9
120277459,Лаборант химического анализа в производственную лабораторию,"['Химические методы анализа', 'Контроль качества', 'Титриметрический анализ (титрование)', 'Лабораторная работа']",4
120030041,Инженер-лаборант,"['Испытания', 'Бетонные работы', 'Испытания бетона', 'Лаборатория']",4
118846254,Лаборант,"['Пользователь ПК', 'Умение работать в коллективе', 'Контроль качества']",3
119470276,Лаборант,['Химические методы анализа'],1
119518714,Лаборант химического анализа,"['Химические методы анализа', 'Лабораторная работа', 'Навыки составления отчетности', 'Работа с документами']",4
119469094,Инженер-лаборант,"['Пользователь ПК', 'Ведение документации', 'Умение работать в условиях многозадачности']",3
113707739,Техник-лаборант лаборатории санитарно-экологического контроля ОТК,"['Пользователь ПК', 'Работа в команде', 'Грамотная речь', 'Умение работать в команде', 'Internet']",5
120024075,"Химик-лаборант (цинкование, никелирование)","['Техническая документация', 'Точность и внимательность к деталям', 'Навыки составления отчетности', 'Лабораторная диагностика', 'Сбор и анализ информации', 'Анализ данных']",6
119944138,Лаборант (сезонная работа),"['Работа в команде', 'Планирование карьеры']",2
119332138,Рентген-лаборант,"['Пользователь ПК', 'Ведение документации', 'Точность и внимательность к деталям', 'Навыки межличностного общения']",4
119521095,Лаборант-исследователь,['Уход за растениями'],1
119946119,Лаборант,"['Пользователь ПК', 'Работа в команде', 'Лабораторная работа', 'Деловое общение', 'Внутренняя документация']",5
118047130,Инженер-лаборант,"['Лабораторная работа', 'Проведение лабораторных исследований', 'Отбор проб']",3
120085517,Техник-лаборант (дорожное строительство),"['Строительство', 'Нормативно-техническая документация', 'Химические методы анализа', 'Лабораторная работа', 'Строительная документация', 'Управление испытательной лабораторией', 'Проведение испытаний', 'Планирование строительных работ']",8
119644159,Лаборант отдела качества,"['Контроль качества', 'Документальное сопровождение', 'Лабораторная работа', 'Ответственность']",4
119474767,Лаборант в микроклональную лабораторию,"['Уход за лабораторной аппаратурой', 'Агрохимия', 'Ответственность', 'Биотехнология', 'Уход за растениями', 'Растениеводство', 'Ботаника', 'Посадка растений']",8
116032054,Лаборант,"['Пользователь ПК', 'Работа в команде', 'Лабораторная работа', 'Работа с людьми', 'Ведение отчётности']",5
120043694,Лаборант отдела контроля качества,"['Лабораторная работа', 'Навыки составления отчетности', 'Контроль качества', 'Химические методы анализа', 'Аналитические исследования']",5
119868811,Лаборант ПБП 5 разряда,"['Ответственность', 'Работа с животными', 'GMP', 'Зоотехния', 'Дезинфекция', 'Ветеринария', 'Уход за животными', 'Кормление животных', 'Ветеринарное законодательство', '1С']",10
118122981,Лаборант в ветеринарную клинику,"['Лабораторная диагностика', 'Анализы', 'Пользователь ПК']",3
119655772,Химик-технолог (инженер-технолог) ЛКМ,"['Контроль качества', 'Контроль остатков', 'Контроль качества готовой продукции', 'Оптимизация производственных процессов', 'Составление технологических карт', 'Знание технологических процессов', 'Ответственность', 'Лабораторная работа']",8
114618764,Специалист по качеству,"['Организаторские навыки', 'Работа в команде', 'Технология производства', 'HACCP', 'Контроль качества']",5
119747905,Лаборант,"['Работа в команде', 'Умение работать в команде']",2
120106122,Лаборант-технолог,"['Контроль качества', 'Производственный контроль', 'MS Excel', 'MS Word', 'Проведение лабораторных исследований', 'Ответственность']",6
119776360,Инженер-лаборант,"['Уход за лабораторной аппаратурой', 'Проведение лабораторных исследований']",2
119944685,Лаборант отделения микробиологических исследований,"['Микробиология', 'Умение работать в коллективе', 'Ответственность', 'Лабораторная работа']",4
119483337,Лаборант (ГСМ),"['Химические методы анализа', 'Проведение лабораторных исследований', 'Обработка результатов испытаний', 'физико-химический анализ']",4
119975924,Лаборант,"['Пользователь ПК', 'MS PowerPoint', 'Поиск информации в интернет', 'Точность и внимательность к деталям', 'Cистемы управления базами данных', 'Умение быстро принимать решения', 'Работа в условиях многозадачности', 'Умею начинать дела и доводить их до успешного завершения.', 'Коммуникабельность, ответственность']",9
120340837,Лаборант зерновой лаборатории,"['Контроль качества', 'Контроль качества готовой продукции', 'Умение работать в коллективе', 'Входной контроль сырья', 'Контрольно-измерительные операции', 'Уход за лабораторной аппаратурой', 'Ответственность', 'Обработка результатов испытаний']",8
119565966,Химик/Инженер-химик/химик - лаборант,"['Пользователь ПК', 'Лабораторная работа', 'Работа в команде', 'Химические методы анализа', 'Способность работать в режиме многозадачности', 'Ведение документации']",6
118198962,Лаборант химического анализа,"['Инициативность', 'Исполнительность', 'Стрессоустойчивость', 'дисциплинированность', 'умение работать в команде', 'аналитические способности']",6
119645525,Помощник начальника (лаборант) аккредитационно-симуляционного центра,['Пользователь ПК'],1
119531212,Лаборант химико-бактериологического анализа пищевого (молочного) производства,"['Контроль качества', 'Бережливое производство', 'Лабораторная работа']",3
120191910,Технолог-лаборант,"['Контроль качества', 'Контроль качества продукции', 'Входной контроль сырья', 'Оптимизация производства', 'Технология производства', 'Пользователь ПК', 'Организаторские навыки', 'Контроль упаковки', 'Знание технологических процессов', 'Производственный контроль', 'Ответственность', 'Умение работать в коллективе', 'Технологии пищевой промышленности']",13
119578507,Лаборант,"['Контроль качества', 'Контроль качества продукции', 'Работа с документами', 'Пользователь ПК', 'Контроль качества готовой продукции', 'Составление документации', 'Проведение испытаний', 'Составление отчетов']",8
119550916,Медицинская сестра (Медицинский брат) \ рентгенолаборант,"['Ответственность, коммуникабельность', 'Ведение документации', 'Навыки межличностного общения']",3
120062165,Химик-лаборант,"['Лабораторная работа', 'Химические методы анализа', 'Контроль качества', 'Ведение документации']",4
120311197,Лаборант без опыта,"['Пользователь ПК', 'Работа в команде', 'Контроль качества', 'Ведение документации', 'оформление документации']",5
117270143,Химик-лаборант,"['Химические методы анализа', 'Статистический анализ', 'Электрохимия', 'Топливные элементы', 'Анализ данных', 'Лабораторные испытания']",6
119846982,Инженер-лаборант (тампонажные растворы),"['Работа в команде', 'Работа с документами', 'Умение планировать', 'Уверенный пользователь ПК']",4
119780515,Фельдшер-лаборант,"['Лабораторная работа', 'Медицинская документация', 'оформление документации']",3
119943429,Медицинский лабораторный техник / Лаборант / Фельдшер-лаборант / Химик-эксперт,"['медицинское образование', 'лаборант', 'Лабораторная работа', 'Химические методы анализа', 'Контроль сроков годности', 'Точность и внимательность к деталям']",6
120222338,Лаборант химического анализа,"['Контроль качества', 'Научные исследования', 'Контроль сроков годности', 'Ведение документации', 'Производственный контроль', 'Аналитические исследования', 'Точность и внимательность к деталям', 'Лабораторная диагностика', 'Работа на производстве', 'Биотехнология', 'Химические методы анализа', 'Лабораторная работа', 'ХИМИЯ', 'химический анализ']",14
119718795,Инженер-лаборант строительной лаборатории,"['Строительство', 'Чтение чертежей', 'Лабораторная работа', 'Составление документации', 'Документация испытательной лаборатории', 'Строительный контроль']",6
118902623,Лаборант химического анализа,"['физико-механический анализ сырья', 'лабораторные исследования']",2
120214863,Лаборант химического анализа,"['Контроль качества', 'MS Visio', 'Документальное сопровождение', 'Лабораторная работа', 'Аналитическое мышление']",5
120333651,Инженер-лаборант (Эколог),"['Работа в команде', 'Пользователь ПК', 'Химические методы анализа', 'Аналитические исследования', 'Аналитический склад ума', 'Деловое общение', 'Техническая документация', 'оформление документации']",8
119498276,Лаборант (бассейн),"['Пользователь ПК', 'Умение работать в коллективе', 'Должностные инструкции']",3
119806064,Инженер-лаборант,"['Контроль качества продукции', 'Разработка и ведение документации', 'Заполнение протоколов контроля', 'Валидация аналитических методик', 'Осуществление необходимых расчетов по проведенным испытаниям', 'Ответственность', 'Внимательность', 'Обучаемость', 'Лабораторная работа', 'Контроль качества', 'Химические методы анализа']",11
120266406,Официант -кавист,['Общественное питание'],1
120219092,Техник-лаборант,"['Контроль качества', 'Ведение документации', 'Уход за лабораторной аппаратурой', 'Ответственность', 'Умение работать в коллективе']",5
119608266,Лаборант ОТК лакокрасочного производства,['работа с водно-дисперсионными материалами'],1
118226915,Лаборант электротехнической лаборатории,"['Мобильность', 'обучаемость']",2
119819770,Лаборант в ветеринарную клинику,"['Пользователь ПК', 'Работа в команде', 'оформление документации', 'Работа с оргтехникой']",4
117607618,Специалист лаборатории технического контроля,"['Контроль качества', 'оформление документации', 'регистрация документации', 'Производственный контроль', 'Внутренний контроль', 'Умение работать в коллективе']",6
120067593,Конструктор одежды,"['GRAFIS', 'Пользователь ПК']",2
120027576,Лаборант (Ленинский проспект / Велигонты),"['Контроль качества', 'Проведение лабораторных исследований', 'оформление документации', 'Управление испытательной лабораторией', 'Документация испытательной лаборатории', 'Проведение испытаний', 'Лабораторная работа', 'Химические методы анализа', 'Обработка результатов испытаний', 'Уход за лабораторной аппаратурой']",10
120054827,Лаборант,['Лабораторная работа'],1
120340856,Рентгенолаборант в стоматологию,"['Навыки межличностного общения', 'Работа с клиентами', 'Прием посетителей', 'Медицинское оборудование', 'Медицинская документация', 'Уход за лабораторной аппаратурой', 'Обучаемость', 'Ответственность', 'Пунктуальность']",9
118083913,Лаборант,"['Работа в команде', 'Лабораторная работа', 'Аналитические исследования', 'Научные исследования', 'Генетика', 'Регистрация', 'Выделение ДНК', 'ПЦР-метод']",8
119611659,Лаборант химического анализа склада (горючего и смазочных материалов),"['Пользователь ПК', 'Точность и внимательность к деталям', 'Умение работать в команде', 'Контроль качества', 'Ведение документации', 'Ответственное хранение', 'Материальная ответственность', 'Умение работать в коллективе']",8
120347220,Лаборант,"['Пользователь ПК', 'Умение работать с программами', 'Навыки работы с документацией', 'Умение работать в коллективе', 'Работа в команде']",5
119960400,Инженер-лаборант,"['Пользователь ПК', 'Документальное сопровождение', 'Проектная документация', 'Строительство', 'оформление документации']",5
117827873,Лаборант химического анализа 4 разряда,"['Контроль качества', 'Лабораторная работа', 'Пользователь ПК', 'Умение работать в команде', 'Химические методы анализа']",5
119608380,Портной-лаборант/Швея,"['опыт работы на промышленном оборудовании', 'внимательность к деталям', 'Швея', 'Пошив одежды', 'Ответственность', 'Контроль качества', 'Розничная торговля', 'Промышленное оборудование', 'Внимательность', 'Производственный контроль']",10
118180948,Лаборант,"['Контроль качества', 'Ведение документации', 'Лабораторная работа', 'Программа производственного контроля', 'Лабораторное оборудование', 'Рефрактометр', 'pH-метр', 'Влагомер']",8
119803314,Лаборант,"['Лабораторная работа', 'Ведение архива', 'Умение учиться']",3
118905085,Лаборант,"['Работа в команде', 'Умение работать в условиях многозадачности', 'уверенное пользование ПК, знание программ MS Office', 'Сбор и анализ информации', 'Хорошая обучаемость', 'Планирование карьеры']",6
116139699,Инженер-лаборант,"['Испытания', 'Бетонные работы', 'Испытания бетона', 'Лаборатория']",4
117672821,Лаборант химического анализа в лабораторию кормов,"['Входной контроль сырья', 'Проведение испытаний', 'Лабораторная работа']",3
119679716,Лаборант металлографического контроля,"['Уход за лабораторной аппаратурой', 'Умение работать в коллективе', 'Точность и внимательность к деталям', 'зрительно-моторная координация', 'Активное слушание', 'понимание прочитанного написание отчетов объяснение отчетов']",6
118542905,Лаборант химического анализа,"['Химические методы анализа', 'Лабораторная работа', 'Работа с измерительными приборами', 'синтез']",4
120040333,Рентген-лаборант / медицинская сестра / медицинский брат,"['Медицинский сотрудник', 'Мед сестра', 'Мед брат']",3
120327845,Руководитель лаборатории,"['Управление испытательной лабораторией', 'Проведение испытаний', 'Документация испытательной лаборатории', 'Руководство коллективом', 'Пользователь ПК', 'Деловая переписка']",6
119027827,Младший лаборант Клинико-биохимического отдела (КБО),"['Медицинская документация', 'Грамотность', 'Лабораторная диагностика']",3
119828246,Оператор котельной,"['Коммуникабельность, ответственность', 'Контроль отгрузки и доставки товара']",2
120199054,Техник-лаборант,"['Лабораторная работа', 'Входной контроль сырья', 'Проведение испытаний', 'Контроль качества', 'Ответственность', 'Умение работать в коллективе']",6
119428878,Лаборант,"['Аналитические исследования', 'Точность и внимательность к деталям']",2
120319195,Лаборант физико-химического анализа,"['Ответственность и исполнительность', 'Ответственный подход к работе']",2
119892842,Лаборант химического анализа,"['Контроль качества', 'Производственный контроль', 'Работа в команде', 'Ведение документации', 'Пользователь ПК']",5
120260885,Лаборант,"['Лабораторная работа', 'Уверенный пользователь ПК', 'Аналитические навыки']",3
119200934,Лаборант строительной лаборатории (бетон),"['Контроль качества', 'Работа в команде', 'Производственный контроль', 'Технический контроль производства']",4
120005422,Лаборант механических испытаний,"['Командная работа', 'Хорошая обучаемость', 'Работа с чертежами', 'Желание зарабатывать', 'Желание обучаться', 'Знание программ MS Office', 'Сосредоточенность', 'Уверенный пользователь ПК']",8
117110581,Лаборант по физико-механическим испытаниям,"['Аттестация', 'Готовность к командировкам', 'Внимательность', 'Исполнительность', 'оформление документации']",5
119129645,Рентген-лаборант,"['КТ', 'Рентгенография']",2
119462254,Научный сотрудник (Аналитическая лаборатория),"['Пользователь ПК', 'Работа в команде', 'Грамотная речь', 'Точность и внимательность к деталям', 'Работа в условиях многозадачности', 'Коммуникабельность']",6
119858611,Лаборант химического анализа,"['Лабораторная работа', 'Работа с оргтехникой', 'Работа с документами', 'Лабораторная диагностика', 'Навыки составления отчетности', 'Контроль качества', 'Навыки работы с первичной документацией', 'Умение работать в коллективе']",8
120231304,Лаборант,"['Ветеринария', 'Лабораторная диагностика', 'Лабораторная работа', 'Проведение лабораторных исследований']",4
115576441,Лаборант,"['Пользователь ПК', 'Аналитические исследования', 'MS Internet Explorer', 'MS Access']",4
119647965,Ассистент стоматолога,"['Стоматология', 'Медицинское оборудование', 'Умение работать в коллективе', 'Точность и внимательность к деталям', 'Лечебная деятельность', 'Практическая медицина', 'Ориентация на клиента', 'Клиентоориентированность', 'Терапия', 'Ортопедия', 'Ортодонтия', 'Хирургия', 'Дентальная имплантация']",13
120262085,Фельдшер-лаборант/медицинский лабораторный техник КДЛ,"['Работа с большим объемом информации', 'Грамотная речь', 'Пользователь ПК', 'Работа в команде', 'Грамотность']",5
119236983,Химик-лаборант,"['Химические методы анализа', 'Работа в команде', 'Пользователь ПК']",3
117645798,Лаборант (коррозионные и механические испытания),"['Знание свойств металлов', 'Материаловедение', 'коррозионные и механические испытания']",3
119930935,Лаборант химического анализа,"['Лабораторная работа', 'Проведение испытаний', 'Контроль качества продукции']",3
120328954,Лаборант,"['Пользователь ПК', 'Работа в команде', 'Ведение документации', 'Умение работать в команде', 'Работа с большим объемом информации']",5
120303253,Лаборант на зерно,"['Работа в команде', 'Поиск информации в интернет', 'Google Chrome', 'Знание MS Office', 'Работа в условиях многозадачности']",5
118051318,Лаборант (отдел разработки косметической продукции),"['Грамотность', 'Разработка инструкций', 'Ведение документации', 'Пользователь ПК']",4
119669851,Эксперт отдела экспертизы и сертификации/инженер/лаборант,"['ПП 719', 'ГИСП', 'ПП 878', 'СТ-1', 'Инженер', 'КИП', 'КИПиА', 'Лаборант', 'производство, технологический процесс', 'инженер-технолог']",10
120069450,Лаборант,"['Буферные растворы', 'Лабораторная посуда', 'MS Office']",3
119777514,Лаборант (кладовщик),"['Умение работать в коллективе', 'Точность и внимательность к деталям']",2
100389613,Лаборант (общеклинические исследования),"['Лабораторная работа', 'Ветеринария', 'Лабораторная диагностика', 'Работа в команде']",4
120226840,Лаборант,"['Ответственность', 'Стрессоустойчивость', 'Быстрая обучаемость', 'Работа со спектрофотометром']",4
118810098,Лаборант химического анализа,"['Химические методы анализа', 'Документальное сопровождение', 'Контроль качества']",3
119077110,Лаборант / Начинающий специалист,"['Пользователь ПК', 'оформление документации', 'Ответственный подход к работе', 'Работа в условиях многозадачности']",4
119850763,Лаборант,"['начинающий специалист', 'Пользователь ПК', 'Лабораторная работа']",3
118661037,Химик - лаборант,"['Лабораторная работа', 'Контроль качества', 'Уход за лабораторной аппаратурой', 'Ответственность', 'Проведение лабораторных исследований', 'Входной контроль сырья', 'Проведение испытаний', 'Физические методы анализа', 'Обработка результатов испытаний']",9
119901138,Лаборант химического анализа,"['анализ масла', 'анализы трансформаторного масла']",2
119689328,Химик-лаборант,"['Лаборант химического анализа', 'Проведение лабораторных исследований']",2
119521093,Лаборант-исследователь,['Уход за растениями'],1
115473239,Лаборант патологоанатомического отделения,"['Умение работать в большой команде', 'Желание развиваться в рамках специальности', 'Быстрая обучаемость', 'Высокая степень ответственности']",4
119928062,Ветеринарный врач/Ассистенты/Лаборант,"['Навыки межличностного общения', 'Обучение и развитие', 'Рентгенография', 'УЗИ', 'Ортопедия', 'Травматология', 'Эмпатия', 'Телефонные переговоры', 'Терапия']",9
118630959,Инженер-химик,"['Умение работать в команде', 'Контроль качества', 'Контроль сроков годности', 'Ведение документации', 'Электронная почта']",5
119499795,Лаборант,['Внимательность'],1
117607398,Лаборант производства строительных материалов (УЧЕНИК),"['Ответственность', 'Внимательность', 'Стрессоустойчивость', 'Работа в команде']",4
120307688,Химик-лаборант,"['Высшее образование', 'Аналитический склад ума', 'Работа в условиях многозадачности', 'Аналитическая химия', 'Хроматография', 'Работа с документацией', 'Работа в команде', 'Умение поиска и изучения информации', 'Ведение деловой переписки', 'MS Office']",10
119446725,Инженер - технолог/Лаборант (строительная лаборатория),"['Строительство', 'Строительные технологии', 'Строительный контроль', 'Документация испытательной лаборатории', 'Пользователь ПК', 'Знание нормативной документации ГОСТ и СНиП']",6
119704102,Лаборант ОТК,"['Контроль качества', 'Производственный контроль', 'Технический контроль производства', '1С: Документооборот']",4
120323061,Лаборант химического анализа 4 разряда,"['химический анализ', 'исследования']",2
118682340,Лаборант-контролер,"['Контроль качества', 'Лабораторная работа']",2
120021198,Инженер-лаборант строительной лаборатории,"['Контроль качества', 'Пользователь ПК', 'Работа в команде', 'оформление документации', 'Управление качеством', 'Технический контроль производства']",6
119979180,Старший специалист клинической лабораторной диагностики / биолог / врач / лаборант,"['Биохимическая диагностика', 'Биохимические анализаторы', 'Микроскопия', 'Лабораторная диагностика', 'ИФА-диагностика', 'Лабораторная работа', 'Биологические исследования']",7
102437222,Лаборант химического анализа 4 разряда,"['Лабораторная диагностика', 'Химические методы анализа']",2
119435185,"Laboratory Assistant at the Department of Physics, School of Sciences and Humanities","['Английский язык', 'Лабораторная работа', 'Научные исследования', 'Работа в команде', 'Исполнительность']",5
120075473,Лаборант-технолог (производство каменной ваты из базальта),"['Контроль качества', 'Контроль качества продукции', 'Анализ производственных показателей', 'Лабораторная работа', 'Технологии металлургии', 'Химические методы анализа']",6
109929524,Лаборант,"['Лабораторная работа', 'Ответственность', 'Внимательность', 'Аккуратность']",4
117948277,Лаборант (пищевое производство),"['Контроль качества', 'Контроль качества готовой продукции', 'Анализ производственных показателей', 'Химические методы анализа', 'Ответственность', 'Умение работать в коллективе']",6
118860508,Лаборант,"['Лабораторная работа', 'Производственный контроль', 'Проведение лабораторных исследований']",3
119524354,Инженер-Лаборант,"['Коммуникабельность, стрессоустойчивость', 'Коммуникабельность, ответственность', 'Умение работать в условиях многозадачности', 'Ответственность и пунктуальность', 'Свободное владение компьютером']",5
119942393,"Сотрудник для работы с лабораторными животными в Испытательный центр ""Ифар""","['Лабораторные животные', 'Доклинические исследования', 'Проведение научных исследований', 'Ответственность', 'Уход за животными', 'Ветеринарный врач', 'Ветеринарный фельдшер']",7
105960747,Лаборант химического анализа 4-5 разрядов,"['Химические методы анализа', 'Технический контроль производства', 'Лабораторная работа', 'Контроль качества продукции', 'Документация испытательной лаборатории']",5
112662203,Рентген-лаборант,"['Точность и внимательность к деталям', 'Работа в команде', 'Деловая этика', 'Человечность']",4
116575610,Старший оператор,"['Управление производственным персоналом', 'Руководство коллективом', 'Охрана труда и техника безопасности', 'Производственное планирование', 'Навыки составления отчетности']",5
118884664,Лаборант в Лабораторию (Медицинский центр),"['Медицинское оборудование', 'Контроль качества', 'Проведение лабораторных исследований', 'Уход за лабораторной аппаратурой', 'Ответственность']",5
119433608,Техник-лаборант (Дорожное строительство),"['Пользователь ПК', 'Технический контроль производства', 'Лабораторная работа', 'Управление производственным персоналом']",4
120024837,Техник-лаборант,"['Работа в команде', 'Работа с документами', 'оформление документации', 'Работа с оргтехникой', 'Навыки работы с первичной документацией']",5
117751271,Лаборант-исследователь,"['Химические методы анализа', 'оформление документации', 'Работа в команде', 'Лабораторная работа', 'Пользователь ПК']",5
120100737,Лаборант,"['Ведение документации', 'Уход за лабораторной аппаратурой', 'Проведение лабораторных исследований', 'Ответственность', 'Умение работать в коллективе', 'Знание нормативной документации ГОСТ и СНиП']",6
106854819,Лаборант,['Химические методы анализа'],1
119673563,Product менеджер / Менеджер по продукту / Категорийный менеджер (женская одежда),"['Анализ продаж', 'Анализ конкурентной среды', 'Продуктовая стратегия', 'XYZ-анализ', 'Аналитическое мышление', 'Ассортиментная матрица', 'ABC-анализ', 'Ценовые модели', 'MS Excel', 'Работа с большим объемом информации', 'Работа в команде', 'Управление ассортиментом', 'Формирование ассортимента']",13
119868156,Фельдшер-лаборант/медицинский лабораторный техник (в Баклабораторию),"['Микробиология', 'Ведение документации']",2
120323710,Лаборант - микробиолог,"['Производственный контроль', 'Контроль качества']",2
117709066,Фельдшер-лаборант/медицинский лабораторный техник,"['Ответственность', 'Внимательность', 'Уход за лабораторной аппаратурой', 'Проведение лабораторных исследований']",4
115368553,Лаборант-контролёр,"['Пользователь ПК', 'Работа в команде', 'Точность и внимательность к деталям']",3
119470360,Лаборант грунтовой лаборатории,['исследование грунтов'],1
119919376,Инженер-лаборант,"['Испытания', 'Бетонные работы', 'Испытания бетона', 'Лаборатория']",4
108958821,Медицинский лабораторный техник,"['Пользователь ПК', 'Работа в команде', 'Медицинское оборудование', 'Контроль качества', 'Лабораторная работа']",5
119422850,Лаборант испытательной лаборатории,['Лабораторная работа'],1
118299255,Сотрудник производства косметики / стажер / лаборант,"['Упаковка продукции', 'Сборка заказов', 'Подготовка поставки', 'Комплектация товара']",4
118818530,Лаборант-технолог / Фельдшер-лаборант / Лабораторный техник,"['Лаборант', 'Медицинский лабораторный техник', 'фельдшер-лаборант', 'медицинский технолог', 'врач-биохимик']",5
119813137,Лаборант физико-химического анализа,"['Химические методы анализа', 'Аналитические исследования', 'Работа с документами', 'Ведение документации', 'Навыки работы с первичной документацией']",5
119865504,Выездной лаборант неразрушающего контроля бетона,"['Контроль качества', 'Лабораторная работа', 'Строительство', 'Документальное сопровождение']",4
119982076,Инженер-лаборант,"['Лабораторная работа', 'Производственный контроль', 'Ведение документации', 'Контроль качества', 'Документация испытательной лаборатории']",5
119412830,Лаборант,"['Документальное сопровождение', 'Грамотность', 'Ведение документации']",3
115769337,Оператор пульта управления,['Пользователь ПК'],1
119260717,Инженер-лаборант группы выездных работ,"['Ведение документации', 'Умение работать в коллективе', 'оформление документации', 'Отбор проб', 'Умение планировать', 'Организационные навыки']",6
118766008,Лаборант химического анализа,"['Работа в команде', 'Аналитические исследования', 'оформление документации', 'Пользователь ПК']",4
118580318,Лаборант-исследователь (Кольцово),"['Пользователь ПК', 'MS PowerPoint', 'Работа с большим объемом информации', 'Грамотная речь', 'Биологические исследования', 'Химические методы анализа', 'Лабораторная диагностика', 'Биохимическая диагностика', 'Фармацевтическая химия']",9
120035569,Медицинский лабораторный техник/фельдшер-лаборант/технолог/биолог,"['Пользователь ПК', 'Медицинская документация', 'Навыки межличностного общения']",3
119681982,Санитар (Медико-криминалистическое отделение),['Исполнительность'],1
119958270,Медицинский лабораторный техник,"['Грамотная речь', 'Делопроизводство', 'Деловая переписка', 'Деловое общение', 'Пользователь ПК', 'Точность и внимательность к деталям', 'Работа с документами', 'Корпоративная этика', 'Деловая этика', 'Документооборот', 'Медицинская документация', 'оформление документации', 'Работа с большим объемом информации', 'Умение работать в коллективе', 'Обучение и развитие']",15
120199100,Инженер лаборатории,"['Контроль качества', 'Бетонная смесь', 'Документация испытательной лаборатории', 'Обработка результатов испытаний', 'Дорожное строительство']",5
115915408,Лаборант в микробиологическую лабораторию,"['Медицинское оборудование', 'Микробиология', 'Фармация']",3
116882761,Лаборант микробиологической лаборатории,"['Лабораторная работа', 'Микробиология', 'Уход за лабораторной аппаратурой', 'Ответственность']",4
119438215,Инженер (техник) строительной лаборатории,"['Точность и внимательность к деталям', 'Пользователь ПК', 'Стрессоустойчивость']",3
119766985,Лаборант в бетонный завод (Беш-Кунгей),"['оформление документации', 'Ведение документации', 'Умение работать в коллективе', 'Контроль качества', 'Охрана труда и техника безопасности', 'Лабораторная работа', 'Техническое обслуживание', 'Ответственное хранение', 'Работа с документами', 'Точность и внимательность к деталям', 'Технический контроль производства', 'Работа с оргтехникой']",12
113108840,Лаборант химического анализа,"['Пользователь ПК', 'Работа в команде', 'Умение работать в команде', 'Умение работать в коллективе', 'Навыки работы с первичной документацией']",5
119428145,Фельдшер-лаборант (медицинский технолог) в отделение трансфузиологии,"['Пользователь ПК', 'Ведение документации', 'Умение работать в команде', 'Медицинское оборудование', 'Лабораторная работа']",5
118852037,Лаборант-контролер,"['анализ молока', 'Лабораторная диагностика', 'Лабораторная работа', 'приемка молока']",4
118974940,Лаборант химического анализа,"['Работа в команде', 'оформление документации', 'Умение работать в коллективе', 'Ответственность и пунктуальность']",4
119882160,Лаборант/инженер-химик,"['Лабораторная работа', 'Документация испытательной лаборатории', 'Химические методы анализа', 'Пользователь ПК', 'Проведение лабораторных исследований']",5
115410011,Химик,"['оформление документации', 'Желание обучаться']",2
110300763,Рентген-лаборант,"['Умение работать в коллективе', 'Точность и внимательность к деталям', 'оформление документации']",3
117212738,Лаборант по физико-механическим испытаниям,"['Точность и внимательность к деталям', 'Контрольно-измерительные операции', 'Проведение испытаний', 'Технологии машиностроения и приборостроения']",4
115735421,Лаборант по физико-механическим испытаниям,"['Ведение документации', 'Умение работать на компьютере']",2
118759002,Рентген-лаборант,"['Медицинское оборудование', 'Медицинская документация', 'Документальное сопровождение', 'Ведение документации', 'Уход за лабораторной аппаратурой', 'Ответственность', 'Обучаемость']",7
119871714,"Инженер-геолог / лаборант в грунтовую лабораторию (механика, физика)","['определение физико-механических свойств грунтов', 'обработка испытаний скальных грунтов (сжатие, 3х-осник)', 'обработка результатов лабораторных испытаний (срез, компрессия, 3х-осное сжатие))', 'работа в программном комплексе EngGeo, АСИС', 'работа на приборах ГЕОТЕК', 'знание классификации грунтов по ГОСТ 25100', 'знание ГОСТ 12248', 'знание моделей HS, SS, HSS', 'умение работать в коллективе']",9
119851759,Лаборант на бетонный завод,"['Контроль качества', 'Производственный контроль', 'Контроль качества готовой продукции', 'Входной контроль сырья', 'Управление испытательной лабораторией', 'Ведение документации', 'Лабораторная работа', 'Ответственность', 'Анализ производственных показателей', 'Контроль качества продукции', 'Проведение испытаний', 'Контрольно-измерительные операции']",12
119942412,"Лаборант, г. Караганда","['Строительство', 'Строительное право', 'Выполнение технического надзора', 'Чтение чертежей', 'Знание нормативной документации ГОСТ и СНиП', 'Нормативно-техническая документация']",6
120028282,Менеджер по работе с клиентами в конструкторское бюро одежды,"['Грамотная речь', 'Грамотность', 'Навыки продаж', 'Деловое общение', 'входящие звонки', 'дизайнер', 'конструктор одежды', 'Технология производства', 'модельер', 'CRM', 'Дизайнер одежды', 'Дизайн одежды', 'Технолог одежды', 'Швея лаборант']",14
119230324,Инженер-лаборант,"['Уход за лабораторной аппаратурой', 'Нормативно-техническая документация', 'Контроль качества', 'Ведение документации', 'Обучение и развитие', 'Документация испытательной лаборатории', 'Проведение испытаний', 'Управление испытательной лабораторией', 'Обеспечение техники безопасности', 'Контроль качества готовой продукции', 'Знание технологических процессов', 'Ведение рабочей документации']",12
119819650,Лаборант пищевой промышленности,"['Проведение лабораторных исследований', 'Контроль качества готовой продукции', 'Документация испытательной лаборатории']",3
117101388,Лаборант на пищевое производство,"['Ответственность', 'Внимательность', 'аккуратность']",3
119265625,Лаборант химического анализа,"['Проведение лабораторных исследований', 'Химические методы анализа', 'Входной контроль сырья', 'Технологии химической промышленности']",4
119745774,Санитарный ветеринарный врач (отбор проб),"['Бумажный документооборот', 'Пользователь ПК', 'Отбор проб на пищевом предприятии.']",3
120022676,Техник-лаборант,"['Лабораторная работа', 'Контроль качества', 'Пользователь ПК', 'Производственный контроль', 'Технология производства', 'Технический контроль производства']",6
106155531,Контролер качества/Лаборант,"['Контроль качества', 'Работа с документами']",2
