id,title,reason
120330070,Химик/Лаборант/Микробиолог,No skills listed
120324548,Лаборант КДЛ,No skills listed
120295350,Лаборант,No skills listed
120357301,Помощник лаборанта,No skills listed
118944209,Инженер-химик/Лаборант химического анализа,No skills listed
118238765,Лаборант на гидро-пневмо испытания без опыта,No skills listed
119846657,Лаборант в строительную лабораторию,No skills listed
120064354,Водитель категории В,No skills listed
120283055,Лаборант на пищевое производство,No skills listed
120215562,Лаборант,No skills listed
119886399,Лаборант взвешивания проб (Магадан),No skills listed
120221759,Главный технолог-лаборант на производство строительных смесей,No skills listed
119610762,Лаборант,No skills listed
119751547,Лаборант,No skills listed
119605251,Биолог-лаборант,No skills listed
120319336,Лаборант на производства,No skills listed
119163797,Лаборант химической посуды в лаборатории,No skills listed
120252884,Лаборант химического анализа,No skills listed
118875954,Лаборант в патоморфологический отдел,No skills listed
119635748,Лаборант производственной лаборатории,No skills listed
120262121,Химик-лаборант (г. Шымкент),No skills listed
120186553,Лаборант химического анализа,No skills listed
118978223,Ассистент в ветеринарную лабораторию,No skills listed
120263853,Лаборант (Мурманская область),No skills listed
119310473,Фельдшер-лаборант/медицинский лабораторный техник,No skills listed
115245718,Лаборант,No skills listed
119947243,Инженер - лаборант,No skills listed
120011935,Медицинская сестра / медицинский брат (лаборант),No skills listed
120229003,Лаборант-технолог,No skills listed
120327841,Лаборант химического анализа (пищевое производство),No skills listed
120227939,"Лаборант Службы качества, Шуя",No skills listed
119436110,Лаборант (судебно-медицинское городское отделение),No skills listed
120249980,Лаборант химического анализа 4 разряда,No skills listed
120345879,Лаборант,No skills listed
119703610,Фельдшер-лаборант/медицинский лабораторный техник,No skills listed
120263854,Лаборант (Мурманская область),No skills listed
120234401,Химик-лаборант,No skills listed
120236307,Инженер-лаборант,No skills listed
120341878,Помощник лаборанта,No skills listed
120262050,Лаборант,No skills listed
120334881,Лаборант химического анализа,No skills listed
119277317,Лаборант,No skills listed
120308281,Инженер-лаборант (химик),No skills listed
119945470,Лаборант,No skills listed
120212790,Лаборант (техник) в проект по разведению насекомых,No skills listed
120249415,Заведующий лабораторией ОТК,No skills listed
120244972,Инженер-лаборант,No skills listed
119298435,Лаборант отдела производства циклотронно-радиохимического комплекса,No skills listed
120293311,Лаборант химического анализа,No skills listed
120287395,Ветеринарный врач (лаборант),No skills listed
119592349,Химик-лаборант (ХВО),No skills listed
119601595,Медицинский лабораторный техник в Цитологическую лабораторию,No skills listed
119069078,Лаборант,No skills listed
120350556,Лаборант химического анализа,No skills listed
119850872,Ведущий лаборант химического анализа,No skills listed
119686681,Врач клинической лабораторной диагностики (КДЛ),No skills listed
120344244,Медицинская сестра/медицинский брат - администратор,No skills listed
115916146,Инженер-лаборант в лабораторию иммуноферментного анализа,No skills listed
120346823,Техник-лаборант,No skills listed
120323279,Рентген-лаборант/рентгенолаборант,No skills listed
119853459,Лаборант,No skills listed
120027341,Инженер-лаборант строительной лаборатории,No skills listed
118248727,Лаборант-химик,No skills listed
120216739,Техник-лаборант в аналитическую водную лабораторию,No skills listed
119964933,"Ассистент руководителя по контенту и соцсетям (офис, полдня)",No skills listed
120038461,Рентген-лаборант,No skills listed
104605119,Лаборант,No skills listed
119580983,Лаборант (производство),No skills listed
120309822,Лаборант,No skills listed
120117252,"Лаборант ТПА (Даму, пос. Байсерке)",No skills listed
119924032,Медицинский лабораторный техник (фельдшер-лаборант),No skills listed
119681080,Лаборант физико-химического анализа,No skills listed
120107593,Ведущий инженер-лаборант,No skills listed
120218129,Лаборант химического анализа,No skills listed
117466368,Медицинский лабораторный техник (цитогенетика),No skills listed
120263992,Химик-лаборант,No skills listed
119818771,Медицинский лабораторный техник/Фельдшер-лаборант/,No skills listed
120270398,Лаборант,No skills listed
119868705,Врач-бактериолог/Врач-микробиолог/Лаборант бакотдела,No skills listed
120283313,Лаборант химического анализа,No skills listed
118112973,Лаборант химического анализа в лабораторию почв,No skills listed
120069486,Лаборант на завод,No skills listed
118257510,Лаборант,No skills listed
119816024,Инженер-лаборант,No skills listed
119377607,Лаборант,No skills listed
120249416,Заведующий лабораторией ОТК,No skills listed
111519950,Ветеринарный лаборант,No skills listed
119675181,Техник-лаборант,No skills listed
119454558,Рентген-лаборант,No skills listed
119853578,Врач-лаборант в клинико-диагностическую лабораторию IPSUM PATHOLOGY (КДЛ),No skills listed
119834662,Руководитель лаборатории,No skills listed
119108877,Лаборант химико-спектрального анализа,No skills listed
119590382,Лаборант в лабораторию энтомофагов,No skills listed
120277765,Фельдшер-лаборант,No skills listed
119471151,Лаборант по буровым растворам,No skills listed
119846225,Лаборант химического анализа (по отбору проб) 5 разряда,No skills listed
120119794,Лаборант в лабораторию биологических испытаний,No skills listed
119666847,Лаборант-микробиолог,No skills listed
120294132,Лаборант,No skills listed
119963553,Лаборант химического анализа,No skills listed
120329246,Лаборант химического анализа 4 разряда,No skills listed
120282134,Лаборант химического анализа без опыта,No skills listed
120285148,Инженер-лаборант / Техник-лаборант грунтовой лаборатории,No skills listed
120294131,Лаборант,No skills listed
119930955,Химик-лаборант,No skills listed
120338126,Лаборант,No skills listed
118944175,Водитель автомобиля УАЗ,No skills listed
119297820,Лаборант,No skills listed
119435552,Лаборант химического анализа,No skills listed
120328101,Лаборант,No skills listed
120344218,Рентген-лаборант,No skills listed
118238590,Лаборант на гидро-пневмо испытания без опыта,No skills listed
120267015,Лаборант химического анализа 5 разряда,No skills listed
119743436,Рентген-лаборант,No skills listed
119858046,Лаборант,No skills listed
120249555,Конструктор женской одежды,No skills listed
120340528,Рентген-лаборант/техник МРТ КТ (ПЭТ),No skills listed
119849351,Лаборант/инженер в научную лабораторию,No skills listed
119833673,Руководитель лаборатории,No skills listed
119242424,Врач-лаборант в медицинский центр (г. Алматы),No skills listed
120240661,Лаборант химического анализа 4 разряда,No skills listed
119898680,Фельдшер-лаборант/медицинский лабораторный техник,No skills listed
119928425,Лаборант-средовар/лаборант-микробиолог,No skills listed
115940405,Лаборант,No skills listed
118113679,Лаборант ОКК,No skills listed
120100117,Лаборант производственной лаборатории,No skills listed
116541399,Лаборант,No skills listed
120223953,Рентген-лаборант,No skills listed
119527947,Лаборант химического анализа (п.Фёдоровское),No skills listed
120265844,Лаборант ОТК (контроль качества входящего сырья и готовой продукции),No skills listed
110352191,Лаборант на производство соков и сиропов,No skills listed
119972735,"Инженер научно-исследовательского отдела, лаборант",No skills listed
120296038,Помощник лаборанта,No skills listed
120066032,Лаборант,No skills listed
118309127,Рентген-лаборант,No skills listed
119551511,Лаборант в Ветеринарную лабораторию,No skills listed
120207111,Фельдшер-лаборант,No skills listed
120221401,Инженер-химик на пищевое производство,No skills listed
119680477,Лаборант,No skills listed
120056646,Лаборант (питательные среды),No skills listed
120161944,Лаборант,No skills listed
119756229,Техник-лаборант,No skills listed
119617891,Рентген-лаборант,No skills listed
119911041,Рентген-лаборант,No skills listed
118193709,Фельдшер-лаборант/медицинский лабораторный техник,No skills listed
119551686,Помощник технолога/лаборант/начинающий специалист,No skills listed
120286622,Портной-лаборант в бренд одежды ALL WE NEED,No skills listed
119920009,Ведущий инженер (инженер),No skills listed
120092760,Лаборант,No skills listed
119522865,Лаборант,No skills listed
120321264,Лаборант,No skills listed
112600592,Лаборант химического анализа 4 разряда (Тюменский нефтеперерабатывающий завод),No skills listed
119894453,Лаборант,No skills listed
120306932,Лаборант,No skills listed
119866907,Лаборант (отдел пробоподготовки),No skills listed
119549592,Ведущий инженер-лаборант в грунтовую лабораторию,No skills listed
120193805,Лаборант 5 разряда группы водно-химического режима,No skills listed
120208484,Лаборант,No skills listed
120019676,Лаборант химического анализа 4 разряда,No skills listed
119486389,Лаборант/ассистент на производство,No skills listed
117967401,Лаборант,No skills listed
118455886,Лаборант химического анализа,No skills listed
120283216,Лаборант,No skills listed
120049708,Лаборант (Химик),No skills listed
120350358,Технолог,No skills listed
118220564,Лаборант 3 разряда,No skills listed
118904047,Лаборант,No skills listed
119832707,Мойщик / Стерилизаторщик ампул и химической посуды в лаборатории,No skills listed
111501450,Лаборант химического анализа,No skills listed
120039108,Инженер-лаборант строительной лаборатории,No skills listed
119263797,Лаборант на производство,No skills listed
120055864,Лаборант на бетонный завод,No skills listed
120200656,Лаборант-химик на пищевое производство,No skills listed
120259143,Лаборант химического анализа,No skills listed
120274502,Лаборант химического анализа,No skills listed
119560497,Лаборант,No skills listed
119937622,Лаборант,No skills listed
120275698,Химик-лаборант 5 разряда,No skills listed
119533924,Лаборант,No skills listed
119758929,Контролер ОТК / Лаборант химического анализа,No skills listed
110742437,Лаборант-коллектор,No skills listed
119891651,Лаборант химического анализа,No skills listed
120079770,Лаборант санитарно-гигиенической (химической) лаборатории,No skills listed
120087001,Техник-лаборант,No skills listed
119902145,Лаборант химического анализа,No skills listed
120261857,Швея/портной/лаборант,No skills listed
120101967,Инженер-лаборант,No skills listed
120120701,Химик-лаборант,No skills listed
120275772,Рентген-лаборант КТ/МРТ,No skills listed
120292696,Лаборант химического анализа,No skills listed
120292697,Лаборант химического анализа,No skills listed
119937339,Лаборант,No skills listed
119903499,Контролер отдел контроля качества/Лаборант,No skills listed
119951052,Специалист по качеству,No skills listed
120075868,Фельдшер-лаборант/медицинский лабораторный техник,No skills listed
119944801,Лаборант,No skills listed
119965801,Лаборант на производство,No skills listed
120064355,Инженер - лаборант в строительную лабораторию,No skills listed
120289496,Биолог КДЛ/Врач-лаборант,No skills listed
118538124,Инженер лаборант строительной лаборатории 15/15,No skills listed
118775401,Помощник лаборанта,No skills listed
119708415,Лаборант в отдел фармацевтического анализа,No skills listed
120345454,Рентген-лаборант,No skills listed
120007830,Лаборант химического анализа,No skills listed
120264165,Лаборант на производство,No skills listed
118222183,Техник-лаборант,No skills listed
120276823,Контролер ОТК/Лаборант,No skills listed
119111671,Лаборант,No skills listed
120037529,Лаборант в строительную лабораторию,No skills listed
107319721,Инженер-лаборант/контролер ОТК,No skills listed
119381173,Лаборант,No skills listed
120294123,Лаборант,No skills listed
120263855,Лаборант (Мурманская область),No skills listed
118615105,Лаборант,No skills listed
119510828,Лаборант КДЛ,No skills listed
119875504,Фельдшер-лаборант/медицинский лабораторный техник,No skills listed
120297237,Фельдшер-лаборант/медицинский лабораторный техник (г. Геленджик),No skills listed
108444995,Лаборант производства бактерийных препаратов,No skills listed
111818634,Лаборант химического анализа,No skills listed
118183067,Техник-лаборант,No skills listed
120243770,Лаборант химического анализа на ТЭЦ,No skills listed
118412828,"Лаборант в лабораторию ветеринарно-санитарной экспертизы (САО, СЗАО)",No skills listed
120044757,Инженер-химик / лаборант хим.анализа (подработка),No skills listed
120297234,Фельдшер-лаборант/медицинский лабораторный техник (г. Геленджик),No skills listed
119686062,Лаборант чистой зоны,No skills listed
96056287,Лаборант-контролёр,No skills listed
120226827,Регистратор клинической лаборатории,No skills listed
120151084,Лаборант молочного направления,No skills listed
118415184,Инженер-лаборант на Биотехнологическое производство (район ЮЗ),No skills listed
119599005,Директор по качеству,No skills listed
119853180,Фельдшер-лаборант/медицинский лабораторный техник,No skills listed
117685042,Инженер-лаборант в лабораторию ПЦР,No skills listed
120166793,Лаборант пробирного анализа,No skills listed
119615398,Медицинская сестра/Медицинский брат/фельдшер-лаборант,No skills listed
120203002,Лаборант,No skills listed
93579949,Контролер лаборант,No skills listed
119873477,Лаборант,No skills listed
120336965,Лаборант отчистных сооружений,No skills listed
119371549,Технолог-лаборант,No skills listed
119953728,Лаборант-техник,No skills listed
119909358,Медицинская сестра/Медицинский брат,No skills listed
117944834,Лаборант химического анализа,No skills listed
115680551,Лаборант микробиологической лаборатории,No skills listed
118437136,Лаборант,No skills listed
120327720,Рентген-лаборант,No skills listed
119732717,Фельдшер-лаборант,No skills listed
120180783,Лаборант химического анализа,No skills listed
119675180,Инженер-лаборант,No skills listed
119492044,Инженер-лаборант Лаборатория охраны окружающей среды,No skills listed
120282969,Инженер строительной лаборатории,No skills listed
120110712,Техник-лаборант,No skills listed
119223327,Химик - лаборант,No skills listed
119500732,Лаборант микробиологической лаборатории,No skills listed
119784854,Лаборант на бетонный завод,No skills listed
119234077,Лаборант,No skills listed
120198879,Рентген-лаборант,No skills listed
118455215,Лаборант химического анализа,No skills listed
118506985,Лаборант,No skills listed
120122971,Рентген-лаборант,No skills listed
120276768,Научный сотрудник (сельскохозяйственная энтомология) ​​​​​​​,No skills listed
119223821,Начинающий специалист,No skills listed
119475812,Лаборант химического анализа,No skills listed
119910182,Лаборант-химик,No skills listed
119546049,Лаборант в ПЦР лабораторию,No skills listed
120078550,Лаборант в службу главного технолога,No skills listed
120038024,Химик-лаборант,No skills listed
120336077,Техник-лаборант,No skills listed
119960570,Лаборант в микробиологическую лабораторию,No skills listed
119036448,Фельдшер-лаборант/медицинский лабораторный техник,No skills listed
120252883,Инженер-лаборант в строительную лабораторию,No skills listed
119679812,Лаборант-исследователь,No skills listed
117498644,Лаборант,No skills listed
119691372,Лаборант,No skills listed
120226740,"Медицинский лабораторный техник (фельдшер-лаборант, лаборант)",No skills listed
118829593,Лаборант-испытатель высоковольтного оборудования,No skills listed
119763942,Инженер-химик отдела контроля качества сырья и продукции,No skills listed
120263988,Лаборант клинической лаборатории,No skills listed
119529903,Лаборант химического анализа 4 разряда Отдела наладки,No skills listed
119899347,Лаборант химического анализа,No skills listed
119979888,Инженер-технолог (Лаборант),No skills listed
120316071,Лаборант химического анализа,No skills listed
120009265,Лаборант-приемщик (Администратор),No skills listed
120107592,Ведущий инженер-лаборант,No skills listed
91608150,Лаборант химического анализа,No skills listed
108050126,Рентгенолаборант,No skills listed
119545999,Лаборант-химик,No skills listed
118078023,Инженер-лаборант,No skills listed
119779712,Инженер-лаборант,No skills listed
120108560,Лаборант-технолог,No skills listed
120114990,Лаборант,No skills listed
119490909,Лаборант - контролёр (крейда),No skills listed
119488469,Лаборант,No skills listed
120034329,Лаборант (контролер) ОТК,No skills listed
119118966,Приготовитель растворов и смесей/лаборант,No skills listed
119269923,Контролер ОКК/ОТК,No skills listed
118798416,Лаборант-микробиолог,No skills listed
118646423,"Конструктор одежды, удаленно",No skills listed
119863917,Лаборант на пищевое производство,No skills listed
119925057,Акушерка (акушер),No skills listed
116513438,Лаборант химического анализа 3 разряда,No skills listed
119582136,Фельдшер-лаборант/медицинский лабораторный техник,No skills listed
120288967,Лаборант на бетонный завод,No skills listed
108046322,Лаборант физико-химического анализа,No skills listed
119157683,"Химик-техник (начинающий специалист, лаборант)",No skills listed
119491485,Лаборант контроля качества,No skills listed
116095784,Лаборант (клинико-диагностическая лаборатория),No skills listed
120116143,Инженер-лаборант,No skills listed
120269722,Лаборант,No skills listed
119778168,Техник-лаборант,No skills listed
120237326,Медицинский лабораторный техник (фельдшер-лаборант),No skills listed
120264443,Инженер-лаборант,No skills listed
119430147,Санитар,No skills listed
119575009,Инженер-лаборант в строительную лабораторию,No skills listed
119859463,Эколог/лаборант,No skills listed
119337242,Лаборант аналитической лаборатории,No skills listed
119596410,Лаборант,No skills listed
120247439,Рентген-лаборант,No skills listed
120080205,Лаборант химического анализа 5 разряда,No skills listed
119743370,Лаборант химического анализа 5 разряда,No skills listed
120123171,Помощник лаборанта,No skills listed
120356965,Лаборант по химико-аналитическим испытаниям,No skills listed
119391278,Лаборант,No skills listed
119427506,Лаборант,No skills listed
119973342,Лаборант,No skills listed
119165446,Специалист-лаборант,No skills listed
119591010,Лаборант,No skills listed
119588569,Медицинский лабораторный техник (фельдшер-лаборант) (КДЛ № 1),No skills listed
118887216,Лаборант молочного производства,No skills listed
120252771,Лаборант испытательной строительной лаборатории,No skills listed
109627355,Лаборант (производство ПЦР тест-систем),No skills listed
120101969,Инженер-лаборант,No skills listed
119750947,Лаборант по физико-механическим испытаниям,No skills listed
119799004,Врач клинической лабораторной диагностики,No skills listed
120107171,Рентген-лаборант,No skills listed
120222170,Портной в Модный дом YANA,No skills listed
119694885,Лаборант в испытательную лабораторию,No skills listed
119863844,Инженер-лаборант,No skills listed
119674058,Контролер ОТК/ Лаборант,No skills listed
118346596,Лаборант,No skills listed
120102327,Уборщица / Уборщик лабораторных (производственных) помещений/ лаборант,No skills listed
119341001,Инженер-лаборант,No skills listed
119616473,Фельдшер-лаборант/медицинский лаборант,No skills listed
120306807,Рентген-лаборант(Клинический Госпиталь на Яузе),No skills listed
119694840,Швея-лаборант,No skills listed
119556210,Лаборант-техник,No skills listed
119858842,Лаборант – исследователь,No skills listed
120166799,Лаборант пробирного анализа,No skills listed
120356935,Лаборант (вальцовщик),No skills listed
107348737,Лаборант участка механических испытаний,No skills listed
119804524,Лаборант химического анализа,No skills listed
120282534,Лаборант/Инженер-лаборант,No skills listed
114824941,Лаборант-микробиолог,No skills listed
119828614,Менеджер по сопровождению пациентов (программы патронажа детей и ведения беременности),No skills listed
119530348,Портной женской одежды (Москва),No skills listed
119851932,Помощник лаборанта (утренние смены),No skills listed
120071396,Химик-лаборант ГРП,No skills listed
119071561,Лаборант-исследователь,No skills listed
120063085,Лаборант направления Клеи-расплавы,No skills listed
119633820,Лаборант химического анализа,No skills listed
119956350,Портной-лаборант,No skills listed
117617717,Лаборант химического анализа,No skills listed
119027203,Лаборант микробиологической лаборатории молокозавода,No skills listed
115414894,Лаборант,No skills listed
120033480,Техник-лаборант,No skills listed
117541579,Инженер-лаборант строительной лаборатории (в Строительный контроль),No skills listed
119673532,Химик-Лаборант,No skills listed
120107591,Ведущий инженер-лаборант,No skills listed
119809433,Лаборант химического анализа,No skills listed
119857321,Лаборант,No skills listed
108965058,Лаборант,No skills listed
119891568,Лаборант,No skills listed
120288525,Лаборант химического анализа,No skills listed
120214573,Лаборант,No skills listed
118248924,Рентген-лаборант/медицинская сестра/медицинский брат в отделение радионуклидной диагностики,No skills listed
118078024,Инженер-лаборант,No skills listed
119207208,Инженер-лаборант (в ДНР),No skills listed
120199459,Рентген-лаборант,No skills listed
119107353,Лаборант участка радиографического контроля,No skills listed
119645765,Контролер ОТК/лаборант,No skills listed
119927175,Лаборант отдела контроля качества,No skills listed
119504153,Лаборант дорожно-строительной лаборатории,No skills listed
117473648,Лаборант (ЖБИ),No skills listed
119784800,Лаборант по проведению испытаний сырья и готовой продукции в лабораторию,No skills listed
119495253,Фельдшер-лаборант/медицинский лабораторный техник,No skills listed
120234142,Лаборант (оператор мониторинга),No skills listed
120300983,Лаборант химического анализа 5 разряда,No skills listed
117315718,Лаборант,No skills listed
119817316,Инженер-химик/Лаборант для пробирного анализа,No skills listed
120268081,Лаборант,No skills listed
119501855,Инженер-лаборант 2 категории,No skills listed
120199377,Медицинский лабораторный техник,No skills listed
120318021,Лаборант химического анализа,No skills listed
119111668,Лаборант,No skills listed
120071602,Лаборант строительной лаборатории,No skills listed
120109236,Лаборант химического анализа,No skills listed
118352619,Помощник лаборанта,No skills listed
119676440,Лаборант химического анализа,No skills listed
120221980,Лаборант химического анализа,No skills listed
114276121,"Медицинский лабораторный техник (Клиническая больница, отделение преаналитики, Пятницкое шоссе)",No skills listed
120033816,Лаборант - микробиолог,No skills listed
116322734,Лаборант химического анализа,No skills listed
119563001,Рентген-лаборант,No skills listed
42426537,Техник-лаборант ПТЛ,No skills listed
119410999,Лаборант химического анализа,No skills listed
119877103,Рентгенолаборант,No skills listed
120262317,Врач-рентгенолог на МРТ,No skills listed
109228156,Лаборант химического анализа,No skills listed
119634902,Лаборант химико-бактериологического анализа,No skills listed
120293693,Лаборант молочного производства,No skills listed
119630017,Фельдшер-лаборант,No skills listed
119963593,Лаборант химического анализа,No skills listed
119692212,Лаборант (молочный завод),No skills listed
119491486,Лаборант контроля качества,No skills listed
117491263,Лаборант химического анализа,No skills listed
119598539,Лаборант (оператор мониторинга),No skills listed
119755941,Лаборант химического анализа,No skills listed
120116873,Стажер-лаборант,No skills listed
119598049,Начальник лаборатории (п.Фёдоровское),No skills listed
120279158,Химик-лаборант (производство в г.Лобня),No skills listed
119904935,Лаборант в строительную лабораторию,No skills listed
120123683,Старший специалист отдела преаналитики,No skills listed
119887394,Лаборант,No skills listed
119927184,Лаборант отдела контроля качества,No skills listed
120129326,Младший Инженер-Химик,No skills listed
106764093,Фельдшер-лаборант (лаборатория молекулярно-генетической диагностики),No skills listed
120263856,Лаборант (Мурманская область),No skills listed
120332539,Техник-лаборант,No skills listed
119786586,Регистратор в диагностический центр,No skills listed
120054509,Лаборант химического анализа (без опыта работы),No skills listed
119643075,Лаборант химического анализа,No skills listed
120034691,Лаборант-микробиолог,No skills listed
119104306,Лаборант патологоанатомического отделения,No skills listed
119385041,Лаборант химического анализа,No skills listed
119634872,Лаборант (начинающий специалист),No skills listed
119836704,Лаборант\Контроллер качества,No skills listed
119795561,Инженер-лаборант (дорожные испытания),No skills listed
120101700,Лаборант,No skills listed
119800835,Лаборант производства реактивов,No skills listed
119631874,Инженер-лаборант ГРП,No skills listed
119897730,Лаборант химического анализа,No skills listed
118022272,Лаборант-исследователь (Лаборатория биотехнологии и молекулярной биологии),No skills listed
119152083,Лаборант химико-спектрального анализа,No skills listed
117683580,Лаборант химического анализа (без опыта),No skills listed
119119705,Инженер-лаборант (в отдел главного метролога),No skills listed
119795233,Лаборант,No skills listed
119371893,Лаборант отделения патологической анатомии,No skills listed
119560344,Ассистент/помощник преподавателя в научно-просветительской лаборатории,No skills listed
119269924,Контролер ОКК/ОТК,No skills listed
118825026,Лаборант,No skills listed
119791778,Лаборант-микробиолог,No skills listed
119267017,Врач-лаборант в КДЛ,No skills listed
119847105,Лаборант строительной лаборатории (бетон),No skills listed
119900622,Лаборант в отдел разработки ИХА тест-систем,No skills listed
119927851,Лаборант (участок по производству субстанций),No skills listed
119057477,Лаборант химического анализа,No skills listed
119444232,Химик-лаборант,No skills listed
119784185,Лаборант-химик,No skills listed
116004611,Лаборант отделения ДПО,No skills listed
118806523,Лаборант в лабораторию опасных и социально значимых инфекций,No skills listed
120070790,Лаборант в химическую лабораторию,No skills listed
119683162,Контролер-лаборант на пищевое производство,No skills listed
119813981,Лаборант химического анализа,No skills listed
119965800,Лаборант на производство,No skills listed
120031900,Техник-лаборант,No skills listed
119142312,Техник-лаборант,No skills listed
119622739,Рентгенлаборант,No skills listed
118555837,Техник-лаборант,No skills listed
118655657,"Медицинский лабораторный техник (Клиническая больница, отделение преаналитики, Пятницкое шоссе)",No skills listed
119846422,Химик-технолог,No skills listed
119988602,Лаборант химического анализа,No skills listed
119435682,Рентген-лаборант,No skills listed
104416688,Инженер лаборант в строительной лаборатории,No skills listed
119891807,Лаборант строительной лаборатории,No skills listed
120040338,Лаборант-технолог,No skills listed
117332937,Рекрутер по массовому подбору персонала,No skills listed
119796255,Варщик-технолог/Лаборант (производство косметики),No skills listed
119223329,Химик - лаборант,No skills listed
119817861,Лаборант xимического анализа,No skills listed
119553868,Лаборант химического анализа / инженер-химик,No skills listed
119765940,Лаборант химического анализа,No skills listed
118467096,Химик-лаборант,No skills listed
120025667,Лаборант в Ташкентскую область,No skills listed
120204133,Технолог-кондитер (в г.Зарайск),No skills listed
120304998,Техник-лаборант дорожно-строительной лаборатории,No skills listed
118004492,Фельдшер-лаборант/медицинский лабораторный техник,No skills listed
119656628,Лаборант-исследователь/младший научный сотрудник,No skills listed
117421921,Лаборант,No skills listed
117072566,Лаборант химического анализа,No skills listed
117257177,Лаборант химического анализа,No skills listed
118940451,Рентген-лаборант,No skills listed
119847149,Инженер-химик,No skills listed
120208600,Химик-лаборант,No skills listed
120294133,Лаборант,No skills listed
118796959,Инженер-лаборант,No skills listed
119545150,Лаборант,No skills listed
120055160,Биолог в детскую больницу,No skills listed
120101756,Руководитель/лаборант инженерно-геологической лаборатории,No skills listed
120274757,Фельдшер-лаборант,No skills listed
120282847,Лаборант химического анализа,No skills listed
119402082,Лаборант,No skills listed
116230094,"Лаборант (на отделении ""Сестринское дело"")",No skills listed
118960056,Лаборант отделения ЭКО (м. китай-город),No skills listed
119433218,Лаборант,No skills listed
120048471,Эколог/лаборант,No skills listed
105528123,Лаборант,No skills listed
119553813,Техник-лаборант в ОТК,No skills listed
119968886,"Лаборант (отдел экспертизы потерпевших, обвиняемых)",No skills listed
116886069,Лабораторный техник /фельдшер-лаборант,No skills listed
119670935,Лаборант химического анализа (4 разряд),No skills listed
119758098,Сборщик-лаборант,No skills listed
119229452,Техник-лаборант,No skills listed
119426201,Химик-лаборант,No skills listed
115372032,Лаборант,No skills listed
119927590,Сотрудник/начинающий специалист на производство/окрасчик елочных игрушек/лаборант,No skills listed
120121682,Инженер-лаборант,No skills listed
120285928,Медицинский лабораторный техник (Лаборант),No skills listed
114690735,Лаборант,No skills listed
119023590,Лаборант-контролер,No skills listed
119790354,Лаборант химического анализа,No skills listed
119858091,Колеровщик красок (на колеровочной машине),No skills listed
116907882,Фельдшер-лаборант/медицинский лабораторный техник,No skills listed
120074682,Фельдшер-лаборант,No skills listed
119483752,Фельдшер-лаборант/медицинский лабораторный техник,No skills listed
91881912,Медицинский лабораторный техник,No skills listed
120024338,Лаборант косметического производства (г. Видное),No skills listed
118982138,Лаборант-исследователь,No skills listed
119490058,Медицинская сестра/Медицинский брат/Рентген-лаборант,No skills listed
119467038,Рентген-лаборант,No skills listed
118620764,Рентген-лаборант,No skills listed
119702971,Химик-лаборант,No skills listed
119919074,Лаборант производства строительных материалов,No skills listed
119706306,Инженер-лаборант,No skills listed
119872919,Лаборант химического анализа,No skills listed
120269313,Медицинский лабораторный техник / фельдшер-лаборант,No skills listed
119224434,Микробиолог - лаборант в контрольно-аналитическую лабораторию отдела контроля качества,No skills listed
119419434,Микробиолог / Лаборант-микробиолог / Биотехнолог,No skills listed
106763833,Лаборант всэ (с.Скворцово),No skills listed
116222445,Техник-лаборант по химическому анализу,No skills listed
118695085,Химик-лаборант,No skills listed
119477833,Лаборант химического анализа,No skills listed
120294126,Лаборант,No skills listed
